year,scenario,experimental,source,full_economic_account,price_factor,cost_factor,valid_ha,loss_ha,quartile_ha,both_ha,disagree_ha,mean_return_usd_ac,mean_return_2021usd_ac,total_return_usd,total_return_2021usd,mean_revenue_usd_ac,mean_cash_margin_usd_ac,breakeven_bu_ac,breakeven_Mg_ha,return_p05,return_median,return_p95,mean_revenue_usd_ac_2021dollars,mean_cash_margin_usd_ac_2021dollars,return_p05_2021dollars,return_median_2021dollars,return_p95_2021dollars
2019,M1_fixed,False,UNL,True,0.85,0.85,352962.18,144884.16,88240.59,88240.59,56643.57,-0.5804453550402492,-0.615212092198752,-506257.78753074334,-536580.9372996066,480.11155464495965,171.4085546449597,160.6590909090909,10.084195956721867,-64.81320735844271,6.0076984049172495,71.67889864342379,508.86863243386534,181.67535429166708,-68.69530190026958,6.367539464127432,75.97222515091917
2019,M1_fixed,False,UNL,True,0.85,1.0,352962.18,341933.4,88240.59,88240.59,253692.81,-85.40844535504023,-90.5241258320924,-74492267.37094796,-78954105.26410685,480.11155464495965,116.93155464495952,189.01069518716577,11.863759949084548,-149.64120735844276,-78.82030159508278,-13.14910135657624,508.86863243386534,123.93536403127894,-158.60421564016332,-83.54137427576629,-13.936688588974539
2019,M1_fixed,False,UNL,True,0.85,1.15,352962.18,352585.44,88240.59,88240.59,264344.85,-170.23644535504042,-180.43303957198628,-148478276.95436534,-157371629.59091428,480.11155464495965,62.45455464495968,217.36229946524065,13.64332394144723,-234.46920735844276,-163.64830159508276,-97.9771013565762,508.86863243386534,66.19537377089117,-248.513129380057,-173.45028801565994,-103.84560232886818
2019,M1_fixed,False,UNL,True,1.0,0.85,352962.18,16637.399999999998,88240.59,16637.399999999998,71603.19,84.14512311171734,89.18513480789514,73390412.18632223,77786252.63586654,564.8371231117172,256.1341231117173,136.56022727272725,8.571566563213585,8.577167813596834,91.89588047637324,169.15611605108683,598.6689793339592,271.475701191761,9.090911504282433,97.40013663886714,179.28800215273978
2019,M1_fixed,False,UNL,True,1.0,1.0,352962.18,144884.16,88240.59,88240.59,56643.57,-0.6828768882826706,-0.7237789319985576,-595597.3970950135,-631271.6909407362,564.8371231117172,201.6571231117172,160.6590909090909,10.084195956721867,-76.2508321864032,7.067880476373205,84.32811605108681,598.6689793339592,213.73571093137292,-80.81800223561129,7.491222898973418,89.37908841284609
2019,M1_fixed,False,UNL,True,1.0,1.15,352962.18,335572.29,88240.59,88240.59,247331.7,-85.5108768882827,-90.63269267189229,-74581606.98051226,-79048796.01774803,564.8371231117172,147.18012311171736,184.7579545454545,11.596825350230146,-161.07883218640316,-77.76011952362677,-0.4998839489131662,598.6689793339592,155.99572067098515,-170.72691597550494,-82.41769084092024,-0.5298253270475701
2019,M1_fixed,False,UNL,True,1.15,0.85,352962.18,14563.53,88240.59,14563.53,73677.06,168.87069157847498,178.98548170798907,147287082.16017523,156109086.20903274,649.5626915784751,340.859691578475,118.748023715415,7.453536141924857,81.96754298563627,177.78406254782914,266.63333345874975,688.4693262340534,361.276048091855,86.87712490883433,188.43273381360675,282.6037791545603
2019,M1_fixed,False,UNL,True,1.15,1.0,352962.18,18032.4,88240.59,18032.4,70208.19,84.04269157847477,89.07656796809518,73301072.57675783,77691561.88222529,649.5626915784751,286.38269157847475,139.70355731225297,8.768866049323362,-2.8604570143637584,92.9560625478291,181.80533345874971,688.4693262340534,303.5360578314668,-3.031788831059379,98.52382007371303,192.69486541466657
2019,M1_fixed,False,UNL,True,1.15,1.15,352962.18,144884.16,88240.59,88240.59,56643.57,-0.7853084215250977,-0.8323457717983694,-684937.0066592887,-725962.4445818712,649.5626915784751,231.90569157847483,160.6590909090909,10.084195956721867,-87.68845701436373,8.128062547829131,96.97733345874975,688.4693262340534,245.7960675710789,-92.94070257095304,8.614906333819373,102.78595167477292
2019,M1_fixed,False,ERS_Heartland,True,0.85,0.85,352962.18,351499.41,88240.59,88240.59,263258.82,-135.95994535504022,-144.10349175987847,-118582706.41767916,-125685414.27771787,480.11155464495965,,205.90625,12.924254469289222,-200.19270735844268,-129.3718015950827,-63.70060135657616,508.86863243386534,,-212.1835815679493,-137.12074020355226,-67.5160545167605
2019,M1_fixed,False,ERS_Heartland,True,0.85,1.0,352962.18,352962.18,88240.59,88240.59,264721.59,-244.6784453550403,-259.33386661759806,-213405736.34759325,-226188026.84106964,480.11155464495965,,242.2426470588235,15.20500525798732,-308.9112073584427,-238.0903015950828,-172.41910135657622,508.86863243386534,,-327.41395642566886,-252.35111506127186,-182.7464293744801
2019,M1_fixed,False,ERS_Heartland,True,0.85,1.15,352962.18,352962.18,88240.59,88240.59,264721.59,-353.3969453550406,-374.5642414753179,-308228766.2775075,-326690639.4044216,480.11155464495965,,278.579044117647,17.485756046685417,-417.62970735844266,-346.80880159508274,-281.13760135657617,508.86863243386534,,-442.6443312833883,-367.58148991899134,-297.9768042321996
2019,M1_fixed,False,ERS_Heartland,True,1.0,0.85,352962.18,305278.11,88240.59,88240.59,217037.52,-51.23437688828251,-54.303144859784446,-44686036.443826094,-47362580.70455163,564.8371231117172,,175.02031249999996,10.985616298895838,-126.80233218640312,-43.48361952362672,33.77661605108689,598.6689793339592,,-134.39736816339726,-46.08814302881256,35.799722485060116
2019,M1_fixed,False,ERS_Heartland,True,1.0,1.0,352962.18,351499.41,88240.59,88240.59,263258.82,-159.95287688828273,-169.5335197175042,-139509066.3737403,-147865193.2679035,564.8371231117172,,205.90625,12.924254469289224,-235.5208321864032,-152.20211952362678,-74.94188394891317,598.6689793339592,,-249.62774302111686,-161.31851788653213,-79.43065237265947
2019,M1_fixed,False,ERS_Heartland,True,1.0,1.15,352962.18,352954.44,88240.59,88240.59,264713.85,-268.6713768882827,-284.7638945752237,-234332096.30365425,-248367805.8312551,564.8371231117172,,236.7921875,14.862892639682606,-344.23933218640315,-260.9206195236267,-183.66038394891316,598.6689793339592,,-364.8581178788363,-276.5488927442516,-194.66102723037898
2019,M1_fixed,False,ERS_Heartland,True,1.15,0.85,352962.18,49162.86,88240.59,49162.86,39077.73,33.49119157847499,35.49720204030935,29210633.5300268,30960252.868614435,649.5626915784751,,152.1915760869565,9.552709825126817,-53.41195701436368,42.40456254782919,131.25383345874982,688.4693262340534,,-56.61115475884535,44.94445414592706,139.11549948688062
2019,M1_fixed,False,ERS_Heartland,True,1.15,1.0,352962.18,321645.78,88240.59,88240.59,233405.19,-75.22730842152502,-79.73317281741018,-65612396.399887234,-69542359.69473726,649.5626915784751,,179.04891304347825,11.23848214720802,-162.13045701436374,-66.31393745217088,22.53533345874976,688.4693262340534,,-171.84152961656494,-70.28592071179253,23.885124629161034
2019,M1_fixed,False,ERS_Heartland,True,1.15,1.15,352962.18,351499.41,88240.59,88240.59,263258.82,-183.94580842152516,-194.9635476751298,-160435426.32980132,-170044972.258089,649.5626915784751,,205.90625,12.924254469289222,-270.8489570143637,-175.03243745217085,-86.18316654125019,688.4693262340534,,-287.0719044742844,-185.516295569512,-91.34525022855843
2019,M1_fixed,False,FINBIN_county,False,0.85,0.85,146321.72999999998,104890.14,43003.08,43003.08,61887.06,-26.108411511896623,-27.672218117941725,-9439988.823984597,-10005412.610001314,442.66658848810295,42.62258848810336,167.99928840192615,10.544923012128107,-242.07713905616475,-16.78363342918658,44.38919386482616,469.1808379298093,45.1755391114711,-256.57675076391007,-17.788916987630643,47.04795824699478
2019,M1_fixed,False,FINBIN_county,False,0.85,1.0,146321.72999999998,144897.3,43003.08,43003.08,101894.22,-108.83341151189664,-115.352169185192,-39350773.51911201,-41707753.35889016,442.66658848810295,-27.97341151189663,197.6462216493249,12.405791778974246,-324.8021390561648,-99.5086334291866,-38.33580613517386,469.1808379298093,-29.648925385882762,-344.25670183116034,-105.46886805488093,-40.631992820255505
2019,M1_fixed,False,FINBIN_county,False,0.85,1.15,146321.72999999998,146297.79,43003.08,43003.08,103294.71,-191.55841151189648,-203.0321202524421,-69261558.21423936,-73410094.10777894,442.66658848810295,-98.56941151189666,227.2931548967236,14.26666054582038,-407.5271390561647,-182.2336334291865,-121.06080613517378,469.1808379298093,-104.47338988323666,-431.93665289841056,-193.14881912213107,-128.31194388750566
2019,M1_fixed,False,FINBIN_county,False,1.0,0.85,146321.72999999998,11530.35,43003.08,11530.35,31472.73,52.00922175070989,55.12440034026003,18804915.49043966,19931267.090063777,520.7842217507094,120.74022175070976,142.79939514163723,8.963184560308893,-202.07163418372323,62.97954890683934,134.94758101744256,551.977456388011,127.97215756967275,-214.17504983146748,66.75181343474364,143.03049018136178
2019,M1_fixed,False,FINBIN_county,False,1.0,1.0,146321.72999999998,104890.14,43003.08,43003.08,61887.06,-30.71577824929016,-32.55555072699028,-11105869.204687769,-11771073.658825085,520.7842217507094,50.14422175070987,167.99928840192618,10.54492301212811,-284.79663418372326,-19.74545109316068,52.22258101744254,551.977456388011,53.14769307231897,-301.8550008987178,-20.928137632506637,55.350539114111506
2019,M1_fixed,False,FINBIN_county,False,1.0,1.15,146321.72999999998,143818.47,43003.08,43003.08,100815.39,-113.44077824929003,-120.23550179424042,-41016653.899815135,-43473414.40771388,520.7842217507094,-20.45177824929015,193.19918166221507,12.126661463947324,-367.5216341837232,-102.4704510931606,-30.50241898255737,551.977456388011,-21.676771425034918,-389.534951965968,-108.60808869975682,-32.32941195313866
2019,M1_fixed,False,FINBIN_county,False,1.15,0.85,146321.72999999998,8008.65,43003.08,8008.65,34994.43,130.1268550133163,137.92101879846166,47049819.80486388,49867946.79012882,598.9018550133161,198.85785501331628,124.17338707968456,7.794073530703385,-162.06612931128177,142.74273124286515,225.5059681700588,634.7740748462129,210.7687760278745,-171.77334889902494,151.2925438571178,239.0130221157286
2019,M1_fixed,False,FINBIN_county,False,1.15,1.0,146321.72999999998,14389.47,43003.08,14389.47,28613.61,47.40185501331628,50.2410677312114,17139035.109736465,18165606.04123998,598.9018550133161,128.26185501331642,146.08633774080536,9.169498271415748,-244.7911293112818,60.017731242865125,142.7809681700588,634.7740748462129,135.94431153052076,-259.4532999662752,63.61259278986753,151.33307104847836
2019,M1_fixed,False,FINBIN_county,False,1.15,1.15,146321.72999999998,104890.14,43003.08,43003.08,61887.06,-35.32314498668364,-37.43888333603877,-12771749.585390914,-13536734.707648829,598.9018550133161,57.66585501331627,167.99928840192615,10.544923012128107,-327.5161293112817,-22.707268757134784,60.0559681700589,634.7740748462129,61.119847033166735,-347.13325103352537,-24.067358277382635,63.6531199812282
2019,M1_fixed,False,FINBIN_state,False,0.85,0.85,352962.18,350994.51,88240.59,88240.59,262753.92,-117.30931794111918,-124.3357540865498,-102315842.89875728,-108444219.9911454,437.62168205888094,-30.048317941119095,203.4795292474941,12.771934874661614,-175.85748050722046,-111.30422490391786,-51.44492588651914,463.8337584634685,-31.848111776736175,-186.3907559466063,-117.97097604295841,-54.526305039447735
2019,M1_fixed,False,FINBIN_state,False,0.85,1.0,352962.18,352960.11,88240.59,88240.59,264719.52,-215.23831794111905,-228.13037394831755,-187728394.56205776,-198972698.0856413,437.62168205888094,-112.5783179411192,239.3876814676401,15.025805734896018,-273.78648050722046,-209.23322490391783,-149.37392588651912,463.8337584634685,-119.32138299559593,-290.1853758083742,-221.7655959047263,-158.32092490121562
2019,M1_fixed,False,FINBIN_state,False,0.85,1.15,352962.18,352962.18,88240.59,88240.59,264721.59,-313.167317941119,-331.9249938100854,-273140946.2253584,-289501176.1801373,437.62168205888094,-195.108317941119,275.2958336877861,17.279676595130418,-371.7154805072204,-307.16222490391783,-247.3029258865191,463.8337584634685,-206.79465421445536,-393.97999567014205,-325.5602157664942,-262.1155447629835
2019,M1_fixed,False,FINBIN_state,False,1.0,0.85,352962.18,293261.76,88240.59,88240.59,205021.17,-40.081962283669554,-42.48273788711413,-34959028.21759023,-37052957.18920438,514.8490377163306,47.179037716330456,172.95759986036998,10.856144643462372,-108.9621535379064,-33.017146945785726,37.40555778056574,545.6867746629042,50.00490442269941,-115.48862242835712,-34.99476371818318,39.64602569771178
2019,M1_fixed,False,FINBIN_state,False,1.0,1.0,352962.18,350994.51,88240.59,88240.59,262753.92,-138.0109622836695,-146.277357748882,-120371579.8808908,-127581435.28370036,514.8490377163306,-35.35096228366956,203.4795292474941,12.771934874661614,-206.8911535379064,-130.9461469457857,-60.52344221943423,545.6867746629042,-37.46836679616025,-219.28324229012503,-138.78938357995108,-64.1485941640561
2019,M1_fixed,False,FINBIN_state,False,1.0,1.15,352962.18,352951.11,88240.59,88240.59,264710.52,-235.9399622836693,-250.0719776106497,-205784131.54419127,-218109913.3781962,514.8490377163306,-117.88096228366966,234.00145863461825,14.687725105860856,-304.8201535379063,-228.87514694578567,-158.4524422194342,545.6867746629042,-124.94163801501999,-323.0778621518929,-242.58400344171895,-167.943214025824
2019,M1_fixed,False,FINBIN_state,False,1.15,0.85,352962.18,39437.55,88240.59,39437.55,48803.04,37.14539337377996,39.37027831232141,32397786.46357673,34338305.612736546,592.0763933737803,124.40639337377996,150.39791292206084,9.4401257769238,-42.066826568592425,45.26993101234632,126.2560414476505,627.5397908623399,131.85792062213494,-44.58648891010803,47.98144860659196,133.81835643487116
2019,M1_fixed,False,FINBIN_state,False,1.15,1.0,352962.18,314010.45,88240.59,88240.59,225769.86,-60.78360662622005,-64.42434154944651,-53014765.19972391,-56190172.48175949,592.0763933737803,41.876393373779926,176.93872108477746,11.106030325792709,-139.9958265685924,-52.65906898765365,28.327041447650533,627.5397908623399,44.38464940327527,-148.38110877187592,-55.81317125517591,30.023736573103278
2019,M1_fixed,False,FINBIN_state,False,1.15,1.15,352962.18,350994.51,88240.59,88240.59,262753.92,-158.71260662622,-168.21896141121437,-138427316.8630245,-146718650.57625547,592.0763933737803,-40.65360662621999,203.4795292474941,12.771934874661614,-237.9248265685924,-150.58806898765363,-69.60195855234944,627.5397908623399,-43.08862181558428,-252.17572863364384,-159.60779111694382,-73.7708832886646
2019,M2_HI_sensitivity,False,UNL,True,0.85,0.85,352962.18,235025.01,88240.59,88240.59,146784.41999999998,-18.016102612720815,-19.0952069568561,-15713438.258129282,-16654620.701976834,462.67589738727895,153.97289738727926,160.6590909090909,10.084195956721867,-79.91620810099069,-11.667225228198362,51.619075227912674,490.38863756920784,163.19535942700986,-84.7029219193116,-12.366053032324208,54.71088534445565
2019,M2_HI_sensitivity,False,UNL,True,0.85,1.0,352962.18,348091.02,88240.59,88240.59,259850.43,-102.84410261272082,-109.00412069674978,-89699447.84154652,-95072145.02878413,462.67589738727895,99.49589738727916,189.01069518716577,11.863759949084548,-164.7442081009907,-96.4952252281984,-33.20892477208736,490.38863756920784,105.45536916662181,-174.6118356592053,-102.27496677221792,-35.19802839543807
2019,M2_HI_sensitivity,False,UNL,True,0.85,1.15,352962.18,352863.45,88240.59,88240.59,264622.86,-187.6721026127209,-198.91303443664356,-163685457.4249638,-173489669.35559145,462.67589738727895,45.018897387279175,217.36229946524065,13.64332394144723,-249.57220810099068,-181.3232252281984,-118.03692477208732,490.38863756920784,47.71537890623389,-264.520749399099,-192.1838805121116,-125.1069421353317
2019,M2_HI_sensitivity,False,UNL,True,1.0,0.85,352962.18,19457.64,88240.59,19457.64,68782.95,63.63258516150492,67.4439643788865,55499611.6326769,58823852.91271688,544.3245851615051,235.621585161505,136.56022727272725,8.571566563213585,-9.191068354106708,71.10185267270782,145.55632379754428,576.9278089049509,249.73453076275248,-9.741582635767042,75.36061605480639,154.2746612039591
2019,M2_HI_sensitivity,False,UNL,True,1.0,1.0,352962.18,235025.01,88240.59,88240.59,146784.41999999998,-21.19541483849512,-22.464949361007218,-18486397.950740363,-19593671.414090425,544.3245851615051,181.1445851615049,160.6590909090909,10.084195956721867,-94.01906835410674,-13.72614732729221,60.72832379754425,576.9278089049509,191.9945405023644,-99.65049637566075,-14.548297685087324,64.3657474640654
2019,M2_HI_sensitivity,False,UNL,True,1.0,1.15,352962.18,344809.26,88240.59,88240.59,256568.67,-106.02341483849506,-112.37386310090083,-92472407.53415754,-98011195.74089764,544.3245851615051,126.66758516150496,184.7579545454545,11.596825350230146,-178.8470683541067,-98.55414732729218,-24.09967620245573,576.9278089049509,134.25455024197655,-189.5594101155544,-104.45721142498098,-25.543166275828273
2019,M2_HI_sensitivity,False,UNL,True,1.15,0.85,352962.18,14800.95,88240.59,14800.95,73439.64,145.28127293573073,153.9831357146292,126712661.52348313,134302326.52741063,625.9732729357302,317.2702729357304,118.748023715415,7.453536141924857,61.534071392777214,153.87093057361392,239.4935723671759,663.4669802406928,336.2737020984947,65.21975664777746,163.0872851419369,253.83843706346255
2019,M2_HI_sensitivity,False,UNL,True,1.15,1.0,352962.18,23368.41,88240.59,23368.41,64872.18,60.45327293573055,64.07422197473531,52726651.94006576,55884802.20060322,625.9732729357302,262.79327293573044,139.70355731225297,8.768866049323362,-23.293928607222817,69.04293057361389,154.66557236717586,663.4669802406928,278.5337118381068,-24.68915709211626,73.17837140204318,163.92952332356884
2019,M2_HI_sensitivity,False,UNL,True,1.15,1.15,352962.18,235025.01,88240.59,88240.59,146784.41999999998,-24.37472706426937,-25.834691765158283,-21259357.6433514,-22532722.126203973,625.9732729357302,208.31627293573075,160.6590909090909,10.084195956721867,-108.12192860722278,-15.785069426386087,69.83757236717588,663.4669802406928,220.7937215777192,-114.59807083200991,-16.730542337850473,74.02060958367518
2019,M2_HI_sensitivity,False,ERS_Heartland,True,0.85,0.85,352962.18,352382.58,88240.59,88240.59,264141.99,-153.39560261272078,-162.5834866245358,-133789886.88827768,-141803454.04239509,462.67589738727895,,205.90625,12.924254469289222,-215.29570810099065,-147.0467252281983,-83.76042477208728,490.38863756920784,,-228.1912015869913,-155.85433270000388,-88.77739432322404
2019,M2_HI_sensitivity,False,ERS_Heartland,True,0.85,1.0,352962.18,352962.18,88240.59,88240.59,264721.59,-262.11410261272084,-277.8138614822554,-228612916.81819177,-242306066.60574684,462.67589738727895,,242.2426470588235,15.20500525798732,-324.0142081009907,-255.7652252281984,-192.4789247720873,490.38863756920784,,-343.42157644471087,-271.0847075577235,-204.0077691809436
2019,M2_HI_sensitivity,False,ERS_Heartland,True,0.85,1.15,352962.18,352962.18,88240.59,88240.59,264721.59,-370.8326026127205,-393.0442363399745,-323435946.74810547,-342808679.1690982,462.67589738727895,,278.579044117647,17.485756046685417,-432.7327081009906,-364.4837252281983,-301.1974247720873,490.38863756920784,,-458.65195130243023,-386.31508241544293,-319.2381440386631
2019,M2_HI_sensitivity,False,ERS_Heartland,True,1.0,0.85,352962.18,328878.27,88240.59,88240.59,240637.68,-71.74691483849504,-76.0443152887932,-62576836.99747151,-66324980.42770139,544.3245851615051,,175.02031249999996,10.985616298895838,-144.57056835410663,-64.27764732729213,10.17682379754433,576.9278089049509,,-153.22986230344668,-68.12766361287329,10.786381536279418
2019,M2_HI_sensitivity,False,ERS_Heartland,True,1.0,1.0,352962.18,352382.58,88240.59,88240.59,264141.99,-180.46541483849504,-191.27469014651277,-157399866.92738554,-166827592.99105307,544.3245851615051,,205.90625,12.924254469289224,-253.28906835410672,-172.9961473272922,-98.54167620245572,576.9278089049509,,-268.46023716116633,-183.35803847059287,-104.44399332144015
2019,M2_HI_sensitivity,False,ERS_Heartland,True,1.0,1.15,352962.18,352962.18,88240.59,88240.59,264721.59,-289.183914838495,-306.5050650042322,-252222896.8572996,-267330205.5544048,544.3245851615051,,236.7921875,14.862892639682606,-362.0075683541067,-281.71464732729214,-207.26017620245568,576.9278089049509,,-383.6906120188858,-298.58841332831236,-219.67436817915964
2019,M2_HI_sensitivity,False,ERS_Heartland,True,1.15,0.85,352962.18,104829.21,88240.59,88240.59,16588.62,9.901772935730662,10.49485604694938,8636212.893334633,9153493.18699228,625.9732729357302,,152.1915760869565,9.552709825126817,-73.84542860722273,18.491430573613968,104.11407236717594,663.4669802406928,,-78.26852301990222,19.599005474257215,110.35015739578287
2019,M2_HI_sensitivity,False,ERS_Heartland,True,1.15,1.0,352962.18,337363.38,88240.59,88240.59,249122.79,-98.8167270642694,-104.73551881077022,-86186817.03657945,-91349119.37635946,625.9732729357302,,179.04891304347825,11.23848214720802,-182.5639286072228,-90.2270694263861,-4.604427632824127,663.4669802406928,,-193.49889787762183,-95.63136938346237,-4.88021746193671
2019,M2_HI_sensitivity,False,ERS_Heartland,True,1.15,1.15,352962.18,352382.58,88240.59,88240.59,264141.99,-207.53522706426944,-219.96589366848977,-181009846.9664935,-191851731.9397112,625.9732729357302,,205.90625,12.924254469289222,-291.2824286072228,-198.94556942638604,-113.32292763282408,663.4669802406928,,-308.72927273534134,-210.86174424118184,-120.11059231965618
2019,M2_HI_sensitivity,False,FINBIN_county,False,0.85,0.85,146321.72999999998,125321.04,43003.08,43003.08,82317.95999999999,-42.18422315482545,-44.71091715956556,-15252501.859355606,-16166075.7531755,426.5907768451745,26.546776845174595,167.99928840192615,10.544923012128107,-250.3098705623046,-33.19807753766827,25.753210149571004,452.14213888818585,28.136840069847334,-265.3025953768826,-35.18653144792425,27.295741380948908
2019,M2_HI_sensitivity,False,FINBIN_county,False,0.85,1.0,146321.72999999998,145768.86,43003.08,43003.08,102765.78,-124.90922315482548,-132.39086822681583,-45163286.55448302,-47868416.50206434,426.5907768451745,-44.04922315482545,197.6462216493249,12.405791778974246,-333.0348705623046,-115.92307753766828,-56.97178985042902,452.14213888818585,-46.687624427506584,-352.9825464441329,-122.86648251517452,-60.384209686301375
2019,M2_HI_sensitivity,False,FINBIN_county,False,0.85,1.15,146321.72999999998,146313.63,43003.08,43003.08,103310.55,-207.6342231548253,-220.07081929406596,-75074071.24961038,-79570757.25095312,426.5907768451745,-114.64522315482546,227.2931548967236,14.26666054582038,-415.7598705623045,-198.6480775376682,-139.69678985042893,452.14213888818585,-121.51208892486046,-440.66249751138304,-210.5464335824247,-148.06416075355153
2019,M2_HI_sensitivity,False,FINBIN_county,False,1.0,0.85,146321.72999999998,17309.34,43003.08,17309.34,25693.74,33.09650217079364,35.07887205599672,11966664.860591425,12683428.098094156,501.8715021707936,101.82750217079358,142.79939514163723,8.963184560308893,-211.7572006615348,43.66843819097846,113.02289429361292,531.9319281037481,107.92662928540949,-224.440749376141,46.284031716751095,119.79258798601366
2019,M2_HI_sensitivity,False,FINBIN_county,False,1.0,1.0,146321.72999999998,125321.04,43003.08,43003.08,82317.95999999999,-49.62849782920637,-52.60107901125355,-17944119.83453599,-19018912.650794685,501.8715021707936,31.231502170793608,167.99928840192618,10.54492301212811,-294.4822006615348,-39.05656180902156,30.297894293612888,531.9319281037481,33.10216478805565,-312.1207004433913,-41.39591935049919,32.11263691876336
2019,M2_HI_sensitivity,False,FINBIN_county,False,1.0,1.15,146321.72999999998,145338.3,43003.08,43003.08,102335.22,-132.35349782920636,-140.2810300785038,-47854904.5296634,-50721253.39968353,501.8715021707936,-39.36449782920637,193.19918166221507,12.126661463947324,-377.2072006615347,-121.78156180902148,-52.42710570638702,531.9319281037481,-41.7222997092982,-399.80065151064144,-129.07587041774937,-55.5673141484868
2019,M2_HI_sensitivity,False,FINBIN_county,False,1.15,0.85,146321.72999999998,8216.369999999999,43003.08,8216.369999999999,34786.71,108.37722749641264,114.86866127155888,39185831.580538414,41532931.94936377,577.1522274964125,177.10822749641264,124.17338707968456,7.794073530703385,-173.20453076076507,120.5349539196252,200.2925784376548,611.7217173193102,187.71641850097174,-183.5789033753995,127.75459488142643,212.28943459107836
2019,M2_HI_sensitivity,False,FINBIN_county,False,1.15,1.0,146321.72999999998,24561.72,43003.08,24561.72,18441.36,25.6522274964126,27.18871020430859,9275046.885410994,9830591.200474922,577.1522274964125,106.51222749641258,146.08633774080536,9.169498271415748,-255.9295307607651,37.80995391962517,117.5675784376548,611.7217173193102,112.8919540036178,-271.25885444264975,40.074643814176156,124.6094835238281
2019,M2_HI_sensitivity,False,FINBIN_county,False,1.15,1.15,146321.72999999998,125321.04,43003.08,43003.08,82317.95999999999,-57.07277250358732,-60.49124086294158,-20635737.809716385,-21871749.548413884,577.1522274964125,35.91622749641261,167.99928840192615,10.544923012128107,-338.654530760765,-44.91504608037474,34.842578437654886,611.7217173193102,38.06748950626396,-358.93880550989996,-47.60530725307401,36.92953245657793
2019,M2_HI_sensitivity,False,FINBIN_state,False,0.85,0.85,352962.18,352180.98,88240.59,88240.59,263940.39,-133.201919531495,-141.18026940568495,-116177187.89770782,-123135813.23664866,421.72908046850455,-45.94091953149497,203.4795292474941,12.771934874661614,-189.62386568405296,-127.41491779550272,-69.72945492975754,446.9892431443327,-48.69262709587139,-200.98170159396312,-135.04664560347408,-73.90601627303927
2019,M2_HI_sensitivity,False,FINBIN_state,False,0.85,1.0,352962.18,352962.18,88240.59,88240.59,264721.59,-231.13091953149487,-244.97488926745277,-201589739.56100836,-213664291.33114457,421.72908046850455,-128.470919531495,239.3876814676401,15.025805734896018,-287.5528656840529,-225.3439177955027,-167.6584549297575,446.9892431443327,-136.16589831473107,-304.77632145573097,-238.84126546524197,-177.70063613480716
2019,M2_HI_sensitivity,False,FINBIN_state,False,0.85,1.15,352962.18,352962.18,88240.59,88240.59,264721.59,-329.0599195314948,-348.7695091292206,-287002291.22430897,-304192769.4256406,421.72908046850455,-211.0009195314948,275.2958336877861,17.279676595130418,-385.4818656840529,-323.2729177955027,-265.5874549297575,446.9892431443327,-223.6391695335905,-408.57094131749886,-342.6358853270099,-281.49525599657505
2019,M2_HI_sensitivity,False,FINBIN_state,False,1.0,0.85,352962.18,322990.02,88240.59,88240.59,234749.43,-58.77914062528818,-62.29981473315551,-51266492.92223795,-54337184.5368553,496.1518593747117,28.48185937471183,172.95759986036998,10.856144643462372,-125.1579008047682,-51.97090328882675,15.894347141461708,525.8696978168625,30.18782757665804,-132.65444083701223,-55.08378673055454,16.846365422898174
2019,M2_HI_sensitivity,False,FINBIN_state,False,1.0,1.0,352962.18,352180.98,88240.59,88240.59,263940.39,-156.70814062528817,-166.0944345949234,-136679044.58553857,-144865662.63135132,496.1518593747117,-54.04814062528818,203.4795292474941,12.771934874661614,-223.08690080476816,-149.89990328882672,-82.03465285853827,525.8696978168625,-57.28544364220161,-236.4490606987801,-158.87840659232242,-86.94825443886971
2019,M2_HI_sensitivity,False,FINBIN_state,False,1.0,1.15,352962.18,352962.18,88240.59,88240.59,264721.59,-254.63714062528817,-269.8890544566913,-222091596.2488392,-235394140.7258473,496.1518593747117,-136.57814062528817,234.00145863461825,14.687725105860856,-321.01590080476814,-247.8289032888267,-179.96365285853824,525.8696978168625,-144.75871486106124,-340.243680560548,-262.6730264540903,-190.7428743006376
2019,M2_HI_sensitivity,False,FINBIN_state,False,1.15,0.85,352962.18,82091.87999999999,88240.59,82091.87999999999,6148.71,15.64363828091855,16.580639939373846,13644202.053231863,14461444.162937991,570.5746382809185,102.9046382809186,150.39791292206084,9.4401257769238,-60.69193592548349,23.47311121784918,101.5181492126809,604.750152489392,109.06828224918743,-64.32718008006141,24.879072142364933,107.59874711883556
2019,M2_HI_sensitivity,False,FINBIN_state,False,1.15,1.0,352962.18,333380.61,88240.59,88240.59,245140.02,-82.28536171908146,-87.21397992239407,-71768349.61006878,-76067033.93155806,570.5746382809185,20.374638280918514,176.93872108477746,11.106030325792709,-158.62093592548348,-74.4558887821508,3.5891492126809226,604.750152489392,21.595011030327704,-168.12179994182932,-78.91554771940295,3.804127257067671
2019,M2_HI_sensitivity,False,FINBIN_state,False,1.15,1.15,352962.18,352180.98,88240.59,88240.59,263940.39,-180.2143617190815,-191.008599784162,-157180901.27336943,-166595512.0260541,570.5746382809185,-62.155361719081405,203.4795292474941,12.771934874661614,-256.54993592548345,-172.38488878215077,-94.33985078731904,604.750152489392,-65.87826018853185,-271.9164198035972,-182.71016758117082,-99.9904926047002
2021,M1_fixed,True,UNL,True,0.85,0.85,175770.99,2.16,43942.77,2.16,43940.61,445.2718083601328,445.2718083601328,193399168.1576264,193399168.1576264,931.6248083601346,637.7883083601333,96.00335570469798,6.025906445448868,348.6397809813585,442.9681747766614,554.4215471570618,931.6248083601346,637.7883083601333,348.6397809813585,442.9681747766614,554.4215471570618
2021,M1_fixed,True,UNL,True,0.85,1.0,175770.99,7.38,43942.77,7.38,43935.39,359.4448083601333,359.4448083601333,156121105.42422417,156121105.42422417,931.6248083601346,585.9348083601337,112.94512435846822,7.089301700528081,262.8127809813585,357.1411747766614,468.5945471570618,931.6248083601346,585.9348083601337,262.8127809813585,357.1411747766614,468.5945471570618
2021,M1_fixed,True,UNL,True,0.85,1.15,175770.99,24.03,43942.77,24.03,43918.74,273.61780836013327,273.61780836013327,118843042.69082163,118843042.69082163,931.6248083601346,534.081308360133,129.88689301223846,8.152696955607293,176.98578098135852,271.3141747766614,382.7675471570618,931.6248083601346,534.081308360133,176.98578098135852,271.3141747766614,382.7675471570618
2021,M1_fixed,True,UNL,True,1.0,0.85,175770.99,0.4499999999999999,43942.77,0.4499999999999999,43942.32,609.6761863060391,609.6761863060391,264806495.860022,264806495.860022,1096.0291863060384,802.1926863060386,81.60285234899328,5.122020478631538,495.991448213363,606.9660291490135,738.0876437141904,1096.0291863060384,802.1926863060386,495.991448213363,606.9660291490135,738.0876437141904
2021,M1_fixed,True,UNL,True,1.0,1.0,175770.99,2.16,43942.77,2.16,43940.61,523.8491863060385,523.8491863060385,227528433.1266193,227528433.1266193,1096.0291863060384,750.3391863060382,96.00335570469798,6.025906445448868,410.164448213363,521.1390291490135,652.2606437141905,1096.0291863060384,750.3391863060382,410.164448213363,521.1390291490135,652.2606437141905
2021,M1_fixed,True,UNL,True,1.0,1.15,175770.99,6.48,43942.77,6.48,43936.29,438.02218630603926,438.02218630603926,190250370.39321712,190250370.39321712,1096.0291863060384,698.4856863060388,110.40385906040268,6.929792412266198,324.337448213363,435.3120291490135,566.4336437141905,1096.0291863060384,698.4856863060388,324.337448213363,435.3120291490135,566.4336437141905
2021,M1_fixed,True,UNL,True,1.15,0.85,175770.99,0.09,43942.77,0.09,43942.68,774.0805642519449,774.0805642519449,336213823.56241745,336213823.56241745,1260.4335642519452,966.597064251945,70.95900204260286,4.453930850983946,643.3431154453674,770.9638835213653,921.7537402713187,1260.4335642519452,966.597064251945,643.3431154453674,770.9638835213653,921.7537402713187
2021,M1_fixed,True,UNL,True,1.15,1.0,175770.99,0.8999999999999999,43942.77,0.8999999999999999,43941.87,688.2535642519451,688.2535642519451,298935760.8290151,298935760.8290151,1260.4335642519452,914.743564251945,83.48117887365042,5.239918648216407,557.5161154453674,685.1368835213653,835.9267402713189,1260.4335642519452,914.743564251945,557.5161154453674,685.1368835213653,835.9267402713189
2021,M1_fixed,True,UNL,True,1.15,1.15,175770.99,2.16,43942.77,2.16,43940.61,602.4265642519451,602.4265642519451,261657698.0956126,261657698.0956126,1260.4335642519452,862.8900642519445,96.003355704698,6.025906445448869,471.6891154453674,599.3098835213654,750.0997402713189,1260.4335642519452,862.8900642519445,471.6891154453674,599.3098835213654,750.0997402713189
2021,M1_fixed,True,ERS_Heartland,True,0.85,0.85,175770.99,30.6,43942.77,30.6,43912.17,265.5733083601331,265.5733083601331,115348997.97693367,115348997.97693367,931.6248083601346,,131.47483221476512,8.252368191109928,168.94128098135843,263.2696747766613,374.7230471570617,931.6248083601346,,168.94128098135843,263.2696747766613,374.7230471570617
2021,M1_fixed,True,ERS_Heartland,True,0.85,1.0,175770.99,1882.98,43942.77,1882.98,42059.79,148.0348083601332,148.0348083601332,64297375.79987954,64297375.79987954,931.6248083601346,,154.6762731938413,9.708668460129328,51.40278098135843,145.7311747766613,257.18454715706173,931.6248083601346,,51.40278098135843,145.7311747766613,257.18454715706173
2021,M1_fixed,True,ERS_Heartland,True,0.85,1.15,175770.99,50068.53,43942.77,43942.77,6125.76,30.49630836013326,30.49630836013326,13245753.622825388,13245753.622825388,931.6248083601346,,177.87771417291748,11.164968729148724,-66.13571901864145,28.19267477666142,139.64604715706184,931.6248083601346,,-66.13571901864145,28.19267477666142,139.64604715706184
2021,M1_fixed,True,ERS_Heartland,True,1.0,0.85,175770.99,7.109999999999999,43942.77,7.109999999999999,43935.66,429.9776863060394,429.9776863060394,186756325.6793293,186756325.6793293,1096.0291863060384,,111.75360738255034,7.01451296244344,316.29294821336293,427.2675291490134,558.3891437141904,1096.0291863060384,,316.29294821336293,427.2675291490134,558.3891437141904
2021,M1_fixed,True,ERS_Heartland,True,1.0,1.0,175770.99,30.6,43942.77,30.6,43912.17,312.439186306039,312.439186306039,135704703.50227493,135704703.50227493,1096.0291863060384,,131.47483221476512,8.252368191109928,198.7544482133629,309.7290291490134,440.8506437141904,1096.0291863060384,,198.7544482133629,309.7290291490134,440.8506437141904
2021,M1_fixed,True,ERS_Heartland,True,1.0,1.15,175770.99,1048.68,43942.77,1048.68,42894.09,194.9006863060392,194.9006863060392,84653081.32522084,84653081.32522084,1096.0291863060384,,151.19605704697986,9.490223419776417,81.21594821336305,192.1905291490135,323.3121437141905,1096.0291863060384,,81.21594821336305,192.1905291490135,323.3121437141905
2021,M1_fixed,True,ERS_Heartland,True,1.15,0.85,175770.99,2.43,43942.77,2.43,43940.34,594.3820642519446,594.3820642519446,258163653.3817244,258163653.3817244,1260.4335642519452,,97.17704989786988,6.099576489081253,463.6446154453673,591.2653835213653,742.0552402713188,1260.4335642519452,,463.6446154453673,591.2653835213653,742.0552402713188
2021,M1_fixed,True,ERS_Heartland,True,1.15,1.0,175770.99,8.01,43942.77,8.01,43934.76,476.8435642519449,476.8435642519449,207112031.2046704,207112031.2046704,1260.4335642519452,,114.3259410563175,7.175972340095592,346.1061154453673,473.72688352136527,624.5167402713188,1260.4335642519452,,346.1061154453673,473.72688352136527,624.5167402713188
2021,M1_fixed,True,ERS_Heartland,True,1.15,1.15,175770.99,30.6,43942.77,30.6,43912.17,359.3050642519449,359.3050642519449,156060409.0276162,156060409.0276162,1260.4335642519452,,131.47483221476512,8.252368191109928,228.56761544536744,356.1883835213654,506.9782402713189,1260.4335642519452,,228.56761544536744,356.1883835213654,506.9782402713189
2021,M1_fixed,True,FINBIN_state,False,0.85,0.85,175770.99,34.29,43942.77,34.29,43908.48,237.4506509526728,237.4506509526728,103134214.90091692,103134214.90091692,846.1016509526728,324.5416509526726,132.28836743229843,8.303431896903849,149.68944368726972,235.35849093216385,336.58044372804346,846.1016509526728,324.5416509526726,149.68944368726972,235.35849093216385,336.58044372804346
2021,M1_fixed,True,FINBIN_state,False,0.85,1.0,175770.99,2186.55,43942.77,2186.55,41756.22,130.04165095267288,130.04165095267288,56482235.452351466,56482235.452351466,846.1016509526728,232.50165095267292,155.63337344976284,9.768743408122171,42.28044368726973,127.94949093216384,229.17144372804347,846.1016509526728,232.50165095267292,42.28044368726973,127.94949093216384,229.17144372804347
2021,M1_fixed,True,FINBIN_state,False,0.85,1.15,175770.99,56735.55,43942.77,43942.77,12792.78,22.63265095267301,22.63265095267301,9830256.00378606,9830256.00378606,846.1016509526728,140.46165095267295,178.97837946722726,11.2340549193405,-65.12855631273015,20.540490932163948,121.7624437280436,846.1016509526728,140.46165095267295,-65.12855631273015,20.540490932163948,121.7624437280436
2021,M1_fixed,True,FINBIN_state,False,1.0,0.85,175770.99,7.38,43942.77,7.38,43935.39,386.7627070031443,386.7627070031443,167986349.92023236,167986349.92023236,995.413707003144,473.85370700314417,112.44511231745366,7.057917112368271,283.5142278673762,384.301342273134,503.3859926212276,995.413707003144,473.85370700314417,283.5142278673762,384.301342273134,503.3859926212276
2021,M1_fixed,True,FINBIN_state,False,1.0,1.0,175770.99,34.29,43942.77,34.29,43908.48,279.35370700314473,279.35370700314473,121334370.47166708,121334370.47166708,995.413707003144,381.8137070031448,132.28836743229843,8.303431896903849,176.1052278673762,276.892342273134,395.9769926212276,995.413707003144,381.8137070031448,176.1052278673762,276.892342273134,395.9769926212276
2021,M1_fixed,True,FINBIN_state,False,1.0,1.15,175770.99,1234.89,43942.77,1234.89,42707.88,171.94470700314469,171.94470700314469,74682391.02310157,74682391.02310157,995.413707003144,289.7737070031445,152.13162254714317,9.548946681439425,68.69622786737631,169.4833422731341,288.56799262122775,995.413707003144,289.7737070031445,68.69622786737631,169.4833422731341,288.56799262122775
2021,M1_fixed,True,FINBIN_state,False,1.15,0.85,175770.99,2.7,43942.77,2.7,43940.07,536.0747630536163,536.0747630536163,232838484.939548,232838484.939548,1144.7257630536158,623.1657630536168,97.77835853691624,6.137319228146323,417.3390120474826,533.2441936141039,670.1915415144117,1144.7257630536158,623.1657630536168,417.3390120474826,533.2441936141039,670.1915415144117
2021,M1_fixed,True,FINBIN_state,False,1.15,1.0,175770.99,8.1,43942.77,8.1,43934.67,428.66576305361633,428.66576305361633,186186505.49098253,186186505.49098253,1144.7257630536158,531.1257630536161,115.03336298460736,7.220375562525087,309.9300120474826,425.8351936141039,562.7825415144117,1144.7257630536158,531.1257630536161,309.9300120474826,425.8351936141039,562.7825415144117
2021,M1_fixed,True,FINBIN_state,False,1.15,1.15,175770.99,34.29,43942.77,34.29,43908.48,321.25676305361645,321.25676305361645,139534526.04241714,139534526.04241714,1144.7257630536158,439.0857630536165,132.28836743229843,8.303431896903849,202.5210120474827,318.426193614104,455.37354151441184,1144.7257630536158,439.0857630536165,202.5210120474827,318.426193614104,455.37354151441184
2021,M2_HI_sensitivity,True,UNL,True,0.85,0.85,175770.99,2.16,43942.77,2.16,43940.61,445.2718083601328,445.2718083601328,193399168.1576264,193399168.1576264,931.6248083601346,637.7883083601333,96.00335570469798,6.025906445448868,348.6397809813585,442.9681747766614,554.4215471570618,931.6248083601346,637.7883083601333,348.6397809813585,442.9681747766614,554.4215471570618
2021,M2_HI_sensitivity,True,UNL,True,0.85,1.0,175770.99,7.38,43942.77,7.38,43935.39,359.4448083601333,359.4448083601333,156121105.42422417,156121105.42422417,931.6248083601346,585.9348083601337,112.94512435846822,7.089301700528081,262.8127809813585,357.1411747766614,468.5945471570618,931.6248083601346,585.9348083601337,262.8127809813585,357.1411747766614,468.5945471570618
2021,M2_HI_sensitivity,True,UNL,True,0.85,1.15,175770.99,24.03,43942.77,24.03,43918.74,273.61780836013327,273.61780836013327,118843042.69082163,118843042.69082163,931.6248083601346,534.081308360133,129.88689301223846,8.152696955607293,176.98578098135852,271.3141747766614,382.7675471570618,931.6248083601346,534.081308360133,176.98578098135852,271.3141747766614,382.7675471570618
2021,M2_HI_sensitivity,True,UNL,True,1.0,0.85,175770.99,0.4499999999999999,43942.77,0.4499999999999999,43942.32,609.6761863060391,609.6761863060391,264806495.860022,264806495.860022,1096.0291863060384,802.1926863060386,81.60285234899328,5.122020478631538,495.991448213363,606.9660291490135,738.0876437141904,1096.0291863060384,802.1926863060386,495.991448213363,606.9660291490135,738.0876437141904
2021,M2_HI_sensitivity,True,UNL,True,1.0,1.0,175770.99,2.16,43942.77,2.16,43940.61,523.8491863060385,523.8491863060385,227528433.1266193,227528433.1266193,1096.0291863060384,750.3391863060382,96.00335570469798,6.025906445448868,410.164448213363,521.1390291490135,652.2606437141905,1096.0291863060384,750.3391863060382,410.164448213363,521.1390291490135,652.2606437141905
2021,M2_HI_sensitivity,True,UNL,True,1.0,1.15,175770.99,6.48,43942.77,6.48,43936.29,438.02218630603926,438.02218630603926,190250370.39321712,190250370.39321712,1096.0291863060384,698.4856863060388,110.40385906040268,6.929792412266198,324.337448213363,435.3120291490135,566.4336437141905,1096.0291863060384,698.4856863060388,324.337448213363,435.3120291490135,566.4336437141905
2021,M2_HI_sensitivity,True,UNL,True,1.15,0.85,175770.99,0.09,43942.77,0.09,43942.68,774.0805642519449,774.0805642519449,336213823.56241745,336213823.56241745,1260.4335642519452,966.597064251945,70.95900204260286,4.453930850983946,643.3431154453674,770.9638835213653,921.7537402713187,1260.4335642519452,966.597064251945,643.3431154453674,770.9638835213653,921.7537402713187
2021,M2_HI_sensitivity,True,UNL,True,1.15,1.0,175770.99,0.8999999999999999,43942.77,0.8999999999999999,43941.87,688.2535642519451,688.2535642519451,298935760.8290151,298935760.8290151,1260.4335642519452,914.743564251945,83.48117887365042,5.239918648216407,557.5161154453674,685.1368835213653,835.9267402713189,1260.4335642519452,914.743564251945,557.5161154453674,685.1368835213653,835.9267402713189
2021,M2_HI_sensitivity,True,UNL,True,1.15,1.15,175770.99,2.16,43942.77,2.16,43940.61,602.4265642519451,602.4265642519451,261657698.0956126,261657698.0956126,1260.4335642519452,862.8900642519445,96.003355704698,6.025906445448869,471.6891154453674,599.3098835213654,750.0997402713189,1260.4335642519452,862.8900642519445,471.6891154453674,599.3098835213654,750.0997402713189
2021,M2_HI_sensitivity,True,ERS_Heartland,True,0.85,0.85,175770.99,30.6,43942.77,30.6,43912.17,265.5733083601331,265.5733083601331,115348997.97693367,115348997.97693367,931.6248083601346,,131.47483221476512,8.252368191109928,168.94128098135843,263.2696747766613,374.7230471570617,931.6248083601346,,168.94128098135843,263.2696747766613,374.7230471570617
2021,M2_HI_sensitivity,True,ERS_Heartland,True,0.85,1.0,175770.99,1882.98,43942.77,1882.98,42059.79,148.0348083601332,148.0348083601332,64297375.79987954,64297375.79987954,931.6248083601346,,154.6762731938413,9.708668460129328,51.40278098135843,145.7311747766613,257.18454715706173,931.6248083601346,,51.40278098135843,145.7311747766613,257.18454715706173
2021,M2_HI_sensitivity,True,ERS_Heartland,True,0.85,1.15,175770.99,50068.53,43942.77,43942.77,6125.76,30.49630836013326,30.49630836013326,13245753.622825388,13245753.622825388,931.6248083601346,,177.87771417291748,11.164968729148724,-66.13571901864145,28.19267477666142,139.64604715706184,931.6248083601346,,-66.13571901864145,28.19267477666142,139.64604715706184
2021,M2_HI_sensitivity,True,ERS_Heartland,True,1.0,0.85,175770.99,7.109999999999999,43942.77,7.109999999999999,43935.66,429.9776863060394,429.9776863060394,186756325.6793293,186756325.6793293,1096.0291863060384,,111.75360738255034,7.01451296244344,316.29294821336293,427.2675291490134,558.3891437141904,1096.0291863060384,,316.29294821336293,427.2675291490134,558.3891437141904
2021,M2_HI_sensitivity,True,ERS_Heartland,True,1.0,1.0,175770.99,30.6,43942.77,30.6,43912.17,312.439186306039,312.439186306039,135704703.50227493,135704703.50227493,1096.0291863060384,,131.47483221476512,8.252368191109928,198.7544482133629,309.7290291490134,440.8506437141904,1096.0291863060384,,198.7544482133629,309.7290291490134,440.8506437141904
2021,M2_HI_sensitivity,True,ERS_Heartland,True,1.0,1.15,175770.99,1048.68,43942.77,1048.68,42894.09,194.9006863060392,194.9006863060392,84653081.32522084,84653081.32522084,1096.0291863060384,,151.19605704697986,9.490223419776417,81.21594821336305,192.1905291490135,323.3121437141905,1096.0291863060384,,81.21594821336305,192.1905291490135,323.3121437141905
2021,M2_HI_sensitivity,True,ERS_Heartland,True,1.15,0.85,175770.99,2.43,43942.77,2.43,43940.34,594.3820642519446,594.3820642519446,258163653.3817244,258163653.3817244,1260.4335642519452,,97.17704989786988,6.099576489081253,463.6446154453673,591.2653835213653,742.0552402713188,1260.4335642519452,,463.6446154453673,591.2653835213653,742.0552402713188
2021,M2_HI_sensitivity,True,ERS_Heartland,True,1.15,1.0,175770.99,8.01,43942.77,8.01,43934.76,476.8435642519449,476.8435642519449,207112031.2046704,207112031.2046704,1260.4335642519452,,114.3259410563175,7.175972340095592,346.1061154453673,473.72688352136527,624.5167402713188,1260.4335642519452,,346.1061154453673,473.72688352136527,624.5167402713188
2021,M2_HI_sensitivity,True,ERS_Heartland,True,1.15,1.15,175770.99,30.6,43942.77,30.6,43912.17,359.3050642519449,359.3050642519449,156060409.0276162,156060409.0276162,1260.4335642519452,,131.47483221476512,8.252368191109928,228.56761544536744,356.1883835213654,506.9782402713189,1260.4335642519452,,228.56761544536744,356.1883835213654,506.9782402713189
2021,M2_HI_sensitivity,True,FINBIN_state,False,0.85,0.85,175770.99,34.29,43942.77,34.29,43908.48,237.4506509526728,237.4506509526728,103134214.90091692,103134214.90091692,846.1016509526728,324.5416509526726,132.28836743229843,8.303431896903849,149.68944368726972,235.35849093216385,336.58044372804346,846.1016509526728,324.5416509526726,149.68944368726972,235.35849093216385,336.58044372804346
2021,M2_HI_sensitivity,True,FINBIN_state,False,0.85,1.0,175770.99,2186.55,43942.77,2186.55,41756.22,130.04165095267288,130.04165095267288,56482235.452351466,56482235.452351466,846.1016509526728,232.50165095267292,155.63337344976284,9.768743408122171,42.28044368726973,127.94949093216384,229.17144372804347,846.1016509526728,232.50165095267292,42.28044368726973,127.94949093216384,229.17144372804347
2021,M2_HI_sensitivity,True,FINBIN_state,False,0.85,1.15,175770.99,56735.55,43942.77,43942.77,12792.78,22.63265095267301,22.63265095267301,9830256.00378606,9830256.00378606,846.1016509526728,140.46165095267295,178.97837946722726,11.2340549193405,-65.12855631273015,20.540490932163948,121.7624437280436,846.1016509526728,140.46165095267295,-65.12855631273015,20.540490932163948,121.7624437280436
2021,M2_HI_sensitivity,True,FINBIN_state,False,1.0,0.85,175770.99,7.38,43942.77,7.38,43935.39,386.7627070031443,386.7627070031443,167986349.92023236,167986349.92023236,995.413707003144,473.85370700314417,112.44511231745366,7.057917112368271,283.5142278673762,384.301342273134,503.3859926212276,995.413707003144,473.85370700314417,283.5142278673762,384.301342273134,503.3859926212276
2021,M2_HI_sensitivity,True,FINBIN_state,False,1.0,1.0,175770.99,34.29,43942.77,34.29,43908.48,279.35370700314473,279.35370700314473,121334370.47166708,121334370.47166708,995.413707003144,381.8137070031448,132.28836743229843,8.303431896903849,176.1052278673762,276.892342273134,395.9769926212276,995.413707003144,381.8137070031448,176.1052278673762,276.892342273134,395.9769926212276
2021,M2_HI_sensitivity,True,FINBIN_state,False,1.0,1.15,175770.99,1234.89,43942.77,1234.89,42707.88,171.94470700314469,171.94470700314469,74682391.02310157,74682391.02310157,995.413707003144,289.7737070031445,152.13162254714317,9.548946681439425,68.69622786737631,169.4833422731341,288.56799262122775,995.413707003144,289.7737070031445,68.69622786737631,169.4833422731341,288.56799262122775
2021,M2_HI_sensitivity,True,FINBIN_state,False,1.15,0.85,175770.99,2.7,43942.77,2.7,43940.07,536.0747630536163,536.0747630536163,232838484.939548,232838484.939548,1144.7257630536158,623.1657630536168,97.77835853691624,6.137319228146323,417.3390120474826,533.2441936141039,670.1915415144117,1144.7257630536158,623.1657630536168,417.3390120474826,533.2441936141039,670.1915415144117
2021,M2_HI_sensitivity,True,FINBIN_state,False,1.15,1.0,175770.99,8.1,43942.77,8.1,43934.67,428.66576305361633,428.66576305361633,186186505.49098253,186186505.49098253,1144.7257630536158,531.1257630536161,115.03336298460736,7.220375562525087,309.9300120474826,425.8351936141039,562.7825415144117,1144.7257630536158,531.1257630536161,309.9300120474826,425.8351936141039,562.7825415144117
2021,M2_HI_sensitivity,True,FINBIN_state,False,1.15,1.15,175770.99,34.29,43942.77,34.29,43908.48,321.25676305361645,321.25676305361645,139534526.04241714,139534526.04241714,1144.7257630536158,439.0857630536165,132.28836743229843,8.303431896903849,202.5210120474827,318.426193614104,455.37354151441184,1144.7257630536158,439.0857630536165,202.5210120474827,318.426193614104,455.37354151441184
