year,eligible,status,original_recovered,source_url,file,sha256,budget_number,pdf_page,printed_page,title,assumed_yield_bu_ac
2001,False,matching_original_not_recovered,False,,,,,,,,
2003,False,matching_original_not_recovered,False,,,,,,,,
2005,False,matching_original_not_recovered,False,,,,,,,,
2007,False,matching_original_not_recovered,False,,,,,,,,
2009,False,original_recovered_selected_system_absent,True,https://cap.unl.edu/sites/unl.edu.ianr.agecon.center-for-ag-profitability/files/media/file/Crop-Budgets-ec09-872.pdf,unl_2009.pdf,1c8b75dbfd4a0d4279a8cc5c063c8bad553b4b0ea3753ceeebe1df76d8532e80,,,,,
2011,False,original_recovered_selected_system_absent,True,https://cap.unl.edu/sites/unl.edu.ianr.agecon.center-for-ag-profitability/files/media/file/Crop-Budgets-EC11-872.pdf,unl_2011.pdf,b8a2152dcc047ac3b2274d4353517f6ffb1f543bc5c93068b79cb9548e255ac9,,,,,
2013,False,original_recovered_selected_system_absent,True,https://digitalcommons.unl.edu/cgi/viewcontent.cgi?article=5325&context=extensionhist,unl_2013.pdf,ffed1c52df62b67f7248ac74401b9ea85fd39ad4ec2730c1277998734f856994,,,,,
2015,False,original_recovered_selected_system_absent,True,https://cap.unl.edu/sites/unl.edu.ianr.agecon.center-for-ag-profitability/files/media/file/2015-Crop-Budget-EC872.pdf,unl_2015.pdf,f1b374b5075e3e9ed08b42576466fef8fbd5afccebf45fd4e5a0b9c4f0c67445,,,,,
2017,False,original_recovered_selected_system_absent,True,https://cap.unl.edu/sites/unl.edu.ianr.agecon.center-for-ag-profitability/files/media/file/2017-crop-budgets.pdf,unl_2017.pdf,8543fc37829cd7e5dd1d2f903578dad96ffc6831c17d2f61e0715e790d86d395,,,,,
2019,True,verified_matching_original,True,https://cap.unl.edu/sites/unl.edu.ianr.agecon.center-for-ag-profitability/files/media/file/2019-nebraska-crop-budgets%20%281%29.pdf,unl_2019.pdf,6a0693e0c7f8c0f6bcee620595b45fa1214e342147fbd0de40df2e60eab5dd09,18.0,36.0,30.0,"2019 Budget 18 Corn, Eastern Nebraska, Conventional Tillage, in Corn/Soybean Rotation, Dryland",160.0
2021,True,verified_matching_original,True,https://cap.unl.edu/sites/unl.edu.ianr.agecon.center-for-ag-profitability/files/media/file/2021-all-nebraska-crop-budgets-updated-021521%20%282%29.pdf,unl_2021.pdf,6f8182a9f7cb98b806308a3c378d4e7c9a2ed78b974aad95f93bf9ea87b0e6b4,18.0,30.0,30.0,"2021 Budget 18 Corn, Eastern Nebraska, Conventional Tillage, in Corn/Soybean Rotation, Dryland",170.0
