year,scenario,experimental,source,full_economic_account,price_factor,cost_factor,valid_ha,loss_ha,quartile_ha,both_ha,disagree_ha,mean_return_usd_ac,mean_return_2021usd_ac,total_return_usd,total_return_2021usd,mean_revenue_usd_ac,mean_cash_margin_usd_ac,breakeven_bu_ac,breakeven_Mg_ha,return_p05,return_median,return_p95,mean_revenue_usd_ac_2021dollars,mean_cash_margin_usd_ac_2021dollars,return_p05_2021dollars,return_median_2021dollars,return_p95_2021dollars,match_designation,budget_number,actual_system,geography,loss_share_percent
2019,M1_fixed,False,UNL,True,1.0,1.0,352962.18,144884.16,88240.59,88240.59,56643.57,-0.6828768882826706,-0.7237789319985576,-595597.3970950135,-631271.6909407362,564.8371231117172,201.6571231117172,160.6590909090909,10.084195956721867,-76.2508321864032,7.067880476373205,84.32811605108681,598.6689793339592,213.73571093137292,-80.81800223561129,7.491222898973418,89.37908841284609,Exact,18.0,"2019 Budget 18 Corn, Eastern Nebraska, Conventional Tillage, in Corn/Soybean Rotation, Dryland",Eastern Nebraska,41.048069229400156
2019,M1_fixed,False,ERS_Heartland,True,1.0,1.0,352962.18,351499.41,88240.59,88240.59,263258.82,-159.95287688828273,-169.5335197175042,-139509066.3737403,-147865193.2679035,564.8371231117172,,205.90625,12.924254469289224,-235.5208321864032,-152.20211952362678,-74.94188394891317,598.6689793339592,,-249.62774302111686,-161.31851788653213,-79.43065237265947,Exact,18.0,"2019 Budget 18 Corn, Eastern Nebraska, Conventional Tillage, in Corn/Soybean Rotation, Dryland",ERS Heartland region; all production practices,99.5855731625411
2019,M1_fixed,False,FINBIN_county,False,1.0,1.0,146321.72999999998,104890.14,43003.08,43003.08,61887.06,-30.71577824929016,-32.55555072699028,-11105869.204687769,-11771073.658825085,520.7842217507094,50.14422175070987,167.99928840192618,10.54492301212811,-284.79663418372326,-19.74545109316068,52.22258101744254,551.977456388011,53.14769307231897,-301.8550008987178,-20.928137632506637,55.350539114111506,Exact,18.0,"2019 Budget 18 Corn, Eastern Nebraska, Conventional Tillage, in Corn/Soybean Rotation, Dryland","Gage, Johnson, Lancaster, Pawnee participating farms",71.68459530925449
2019,M1_fixed,False,FINBIN_state,False,1.0,1.0,352962.18,350994.51,88240.59,88240.59,262753.92,-138.0109622836695,-146.277357748882,-120371579.8808908,-127581435.28370036,514.8490377163306,-35.35096228366956,203.4795292474941,12.771934874661614,-206.8911535379064,-130.9461469457857,-60.52344221943423,545.6867746629042,-37.46836679616025,-219.28324229012503,-138.78938357995108,-64.1485941640561,Exact,18.0,"2019 Budget 18 Corn, Eastern Nebraska, Conventional Tillage, in Corn/Soybean Rotation, Dryland",Nebraska statewide participating farms,99.44252667523756
2019,M2_HI_sensitivity,False,UNL,True,1.0,1.0,352962.18,235025.01,88240.59,88240.59,146784.41999999998,-21.19541483849512,-22.464949361007218,-18486397.950740363,-19593671.414090425,544.3245851615051,181.1445851615049,160.6590909090909,10.084195956721867,-94.01906835410674,-13.72614732729221,60.72832379754425,576.9278089049509,191.9945405023644,-99.65049637566075,-14.548297685087324,64.3657474640654,Exact,18.0,"2019 Budget 18 Corn, Eastern Nebraska, Conventional Tillage, in Corn/Soybean Rotation, Dryland",Eastern Nebraska,66.58645693994751
2019,M2_HI_sensitivity,False,ERS_Heartland,True,1.0,1.0,352962.18,352382.58,88240.59,88240.59,264141.99,-180.46541483849504,-191.27469014651277,-157399866.92738554,-166827592.99105307,544.3245851615051,,205.90625,12.924254469289224,-253.28906835410672,-172.9961473272922,-98.54167620245572,576.9278089049509,,-268.46023716116633,-183.35803847059287,-104.44399332144015,Exact,18.0,"2019 Budget 18 Corn, Eastern Nebraska, Conventional Tillage, in Corn/Soybean Rotation, Dryland",ERS Heartland region; all production practices,99.83578977215066
2019,M2_HI_sensitivity,False,FINBIN_county,False,1.0,1.0,146321.72999999998,125321.04,43003.08,43003.08,82317.95999999999,-49.62849782920637,-52.60107901125355,-17944119.83453599,-19018912.650794685,501.8715021707936,31.231502170793608,167.99928840192618,10.54492301212811,-294.4822006615348,-39.05656180902156,30.297894293612888,531.9319281037481,33.10216478805565,-312.1207004433913,-41.39591935049919,32.11263691876336,Exact,18.0,"2019 Budget 18 Corn, Eastern Nebraska, Conventional Tillage, in Corn/Soybean Rotation, Dryland","Gage, Johnson, Lancaster, Pawnee participating farms",85.64759314969828
2019,M2_HI_sensitivity,False,FINBIN_state,False,1.0,1.0,352962.18,352180.98,88240.59,88240.59,263940.39,-156.70814062528817,-166.0944345949234,-136679044.58553857,-144865662.63135132,496.1518593747117,-54.04814062528818,203.4795292474941,12.771934874661614,-223.08690080476816,-149.89990328882672,-82.03465285853827,525.8696978168625,-57.28544364220161,-236.4490606987801,-158.87840659232242,-86.94825443886971,Exact,18.0,"2019 Budget 18 Corn, Eastern Nebraska, Conventional Tillage, in Corn/Soybean Rotation, Dryland",Nebraska statewide participating farms,99.77867317115958
2021,M1_fixed,True,UNL,True,1.0,1.0,175770.99,2.16,43942.77,2.16,43940.61,523.8491863060385,523.8491863060385,227528433.1266193,227528433.1266193,1096.0291863060384,750.3391863060382,96.00335570469798,6.025906445448868,410.164448213363,521.1390291490135,652.2606437141905,1096.0291863060384,750.3391863060382,410.164448213363,521.1390291490135,652.2606437141905,Exact,18.0,"2021 Budget 18 Corn, Eastern Nebraska, Conventional Tillage, in Corn/Soybean Rotation, Dryland",Eastern Nebraska,0.0012288717267849492
2021,M1_fixed,True,ERS_Heartland,True,1.0,1.0,175770.99,30.6,43942.77,30.6,43912.17,312.439186306039,312.439186306039,135704703.50227493,135704703.50227493,1096.0291863060384,,131.47483221476512,8.252368191109928,198.7544482133629,309.7290291490134,440.8506437141904,1096.0291863060384,,198.7544482133629,309.7290291490134,440.8506437141904,Exact,18.0,"2021 Budget 18 Corn, Eastern Nebraska, Conventional Tillage, in Corn/Soybean Rotation, Dryland",ERS Heartland region; all production practices,0.017409016129453444
2021,M1_fixed,True,FINBIN_state,False,1.0,1.0,175770.99,34.29,43942.77,34.29,43908.48,279.35370700314473,279.35370700314473,121334370.47166708,121334370.47166708,995.413707003144,381.8137070031448,132.28836743229843,8.303431896903849,176.1052278673762,276.892342273134,395.9769926212276,995.413707003144,381.8137070031448,176.1052278673762,276.892342273134,395.9769926212276,Exact,18.0,"2021 Budget 18 Corn, Eastern Nebraska, Conventional Tillage, in Corn/Soybean Rotation, Dryland",Nebraska statewide participating farms,0.019508338662711067
2021,M2_HI_sensitivity,True,UNL,True,1.0,1.0,175770.99,2.16,43942.77,2.16,43940.61,523.8491863060385,523.8491863060385,227528433.1266193,227528433.1266193,1096.0291863060384,750.3391863060382,96.00335570469798,6.025906445448868,410.164448213363,521.1390291490135,652.2606437141905,1096.0291863060384,750.3391863060382,410.164448213363,521.1390291490135,652.2606437141905,Exact,18.0,"2021 Budget 18 Corn, Eastern Nebraska, Conventional Tillage, in Corn/Soybean Rotation, Dryland",Eastern Nebraska,0.0012288717267849492
2021,M2_HI_sensitivity,True,ERS_Heartland,True,1.0,1.0,175770.99,30.6,43942.77,30.6,43912.17,312.439186306039,312.439186306039,135704703.50227493,135704703.50227493,1096.0291863060384,,131.47483221476512,8.252368191109928,198.7544482133629,309.7290291490134,440.8506437141904,1096.0291863060384,,198.7544482133629,309.7290291490134,440.8506437141904,Exact,18.0,"2021 Budget 18 Corn, Eastern Nebraska, Conventional Tillage, in Corn/Soybean Rotation, Dryland",ERS Heartland region; all production practices,0.017409016129453444
2021,M2_HI_sensitivity,True,FINBIN_state,False,1.0,1.0,175770.99,34.29,43942.77,34.29,43908.48,279.35370700314473,279.35370700314473,121334370.47166708,121334370.47166708,995.413707003144,381.8137070031448,132.28836743229843,8.303431896903849,176.1052278673762,276.892342273134,395.9769926212276,995.413707003144,381.8137070031448,176.1052278673762,276.892342273134,395.9769926212276,Exact,18.0,"2021 Budget 18 Corn, Eastern Nebraska, Conventional Tillage, in Corn/Soybean Rotation, Dryland",Nebraska statewide participating farms,0.019508338662711067
2001,M1_fixed,False,UNL,True,1.0,1.0,317267.64,68255.37,79316.91,68255.37,11061.539999999999,7.338513093167979,11.228215092353064,5753287.211503578,8802756.836257057,239.30851309316782,,119.5721649484536,7.505265562544312,-116.1917428987307,17.45462526237256,51.38827592537449,366.1514838670564,,-177.77795919406586,26.706266557566874,78.62609332297419,Approximate,15.0,"Corn, Dryland, No-Till, After Soybean",Geography not explicitly Eastern Nebraska,21.51349882389518
2001,M1_fixed,False,ERS_Heartland,True,1.0,1.0,317267.64,317243.61,79316.91,79316.91,237926.69999999998,-105.621486906832,-161.60504972978134,-82805704.93862028,-126696001.50885344,239.30851309316782,,177.79896907216497,11.160026083064231,-229.1517428987307,-95.50537473762745,-61.57172407462552,366.1514838670564,,-350.61122401620025,-146.12699826456756,-94.20717149916025,Approximate,15.0,"Corn, Dryland, No-Till, After Soybean",ERS Heartland region; all production practices,99.99242595305338
2001,M1_fixed,False,FINBIN_county,False,1.0,1.0,122084.09999999999,92747.61,34310.79,34310.79,58436.82,-20.53926015881076,-31.425879871445243,-6196209.673451123,-9480445.709853478,190.62073984118925,12.510739841189267,133.74952178021906,8.39514514315759,-119.97677861859549,-10.184499757009831,16.609596591734032,291.6572663736141,19.14192645266548,-183.56921345161393,-15.582687177622555,25.413339291147214,Approximate,15.0,"Corn, Dryland, No-Till, After Soybean","Gage, Johnson, Lancaster, Pawnee participating farms",75.97026148368215
2001,M1_fixed,False,FINBIN_state,False,1.0,1.0,317267.64,309786.66,79316.91,79316.91,230469.75,-42.794200195676815,-65.476817769749,-33550028.67563538,-51332869.96181209,188.33579980432313,0.025799804323204917,151.3839583961016,9.502017548663579,-140.01251166130106,-34.8328199185128,-8.127036846730263,288.1612178033735,0.03947472036961512,-214.22467693316068,-53.29559126662571,-12.43468760225014,Approximate,15.0,"Corn, Dryland, No-Till, After Soybean",Nebraska statewide participating farms,97.64206018615701
2001,M2_HI_sensitivity,False,UNL,True,1.0,1.0,317267.64,68255.37,79316.91,68255.37,11061.539999999999,7.338513093167979,11.228215092353064,5753287.211503578,8802756.836257057,239.30851309316782,,119.5721649484536,7.505265562544312,-116.1917428987307,17.45462526237256,51.38827592537449,366.1514838670564,,-177.77795919406586,26.706266557566874,78.62609332297419,Approximate,15.0,"Corn, Dryland, No-Till, After Soybean",Geography not explicitly Eastern Nebraska,21.51349882389518
2001,M2_HI_sensitivity,False,ERS_Heartland,True,1.0,1.0,317267.64,317243.61,79316.91,79316.91,237926.69999999998,-105.621486906832,-161.60504972978134,-82805704.93862028,-126696001.50885344,239.30851309316782,,177.79896907216497,11.160026083064231,-229.1517428987307,-95.50537473762745,-61.57172407462552,366.1514838670564,,-350.61122401620025,-146.12699826456756,-94.20717149916025,Approximate,15.0,"Corn, Dryland, No-Till, After Soybean",ERS Heartland region; all production practices,99.99242595305338
2001,M2_HI_sensitivity,False,FINBIN_county,False,1.0,1.0,122084.09999999999,92747.61,34310.79,34310.79,58436.82,-20.53926015881076,-31.425879871445243,-6196209.673451123,-9480445.709853478,190.62073984118925,12.510739841189267,133.74952178021906,8.39514514315759,-119.97677861859549,-10.184499757009831,16.609596591734032,291.6572663736141,19.14192645266548,-183.56921345161393,-15.582687177622555,25.413339291147214,Approximate,15.0,"Corn, Dryland, No-Till, After Soybean","Gage, Johnson, Lancaster, Pawnee participating farms",75.97026148368215
2001,M2_HI_sensitivity,False,FINBIN_state,False,1.0,1.0,317267.64,309786.66,79316.91,79316.91,230469.75,-42.794200195676815,-65.476817769749,-33550028.67563538,-51332869.96181209,188.33579980432313,0.025799804323204917,151.3839583961016,9.502017548663579,-140.01251166130106,-34.8328199185128,-8.127036846730263,288.1612178033735,0.03947472036961512,-214.22467693316068,-53.29559126662571,-12.43468760225014,Approximate,15.0,"Corn, Dryland, No-Till, After Soybean",Nebraska statewide participating farms,97.64206018615701
2009,M1_fixed,False,ERS_Heartland,True,1.0,1.0,257156.19,160173.0,64289.159999999996,64289.159999999996,95883.84,-38.14075291108046,-48.173507676137326,-24236418.78682743,-30611700.539611485,522.6492470889197,,156.64525139664804,9.832256623857035,-312.5693725062339,-13.091938758021683,62.72348612389055,660.1297980473511,,-394.7893504058237,-16.535714796334133,79.22261910528545,Approximate,13.0,"Corn, Rainfed, No-Till, Bt ECB After Soybean",ERS Heartland region; all production practices,62.286270456876814
2009,M1_fixed,False,FINBIN_county,False,1.0,1.0,91253.7,15038.189999999999,31555.71,15038.189999999999,16517.52,30.497328862104148,38.519515056910286,6876928.1840083925,8685873.439177178,408.9573288621042,108.9973288621041,130.60919668752493,8.19803427054312,-183.48019039662788,52.34581616146676,117.32427307671121,516.5317283348065,137.66858957552472,-231.74383529076223,66.11514939275112,148.18589928821805,Approximate,13.0,"Corn, Rainfed, No-Till, Bt ECB After Soybean","Gage, Johnson, Lancaster, Pawnee participating farms",16.479540007692837
2009,M1_fixed,False,FINBIN_state,False,1.0,1.0,257156.19,57344.04,64289.159999999996,57344.04,6945.12,13.532677298032198,17.09238764151538,8599296.271543093,10861302.762227643,435.732677298032,92.28267729803216,141.4573118554093,8.878945126536534,-215.25846285844722,34.41587365743732,97.62319338148757,550.3502126320762,116.55722354394707,-271.88124044222417,43.46881556540732,123.3025385391876,Approximate,13.0,"Corn, Rainfed, No-Till, Bt ECB After Soybean",Nebraska statewide participating farms,22.29930378109895
2009,M2_HI_sensitivity,False,ERS_Heartland,True,1.0,1.0,257156.19,160173.0,64289.159999999996,64289.159999999996,95883.84,-38.14075291108046,-48.173507676137326,-24236418.78682743,-30611700.539611485,522.6492470889197,,156.64525139664804,9.832256623857035,-312.5693725062339,-13.091938758021683,62.72348612389055,660.1297980473511,,-394.7893504058237,-16.535714796334133,79.22261910528545,Approximate,13.0,"Corn, Rainfed, No-Till, Bt ECB After Soybean",ERS Heartland region; all production practices,62.286270456876814
2009,M2_HI_sensitivity,False,FINBIN_county,False,1.0,1.0,91253.7,15038.189999999999,31555.71,15038.189999999999,16517.52,30.497328862104148,38.519515056910286,6876928.1840083925,8685873.439177178,408.9573288621042,108.9973288621041,130.60919668752493,8.19803427054312,-183.48019039662788,52.34581616146676,117.32427307671121,516.5317283348065,137.66858957552472,-231.74383529076223,66.11514939275112,148.18589928821805,Approximate,13.0,"Corn, Rainfed, No-Till, Bt ECB After Soybean","Gage, Johnson, Lancaster, Pawnee participating farms",16.479540007692837
2009,M2_HI_sensitivity,False,FINBIN_state,False,1.0,1.0,257156.19,57344.04,64289.159999999996,57344.04,6945.12,13.532677298032198,17.09238764151538,8599296.271543093,10861302.762227643,435.732677298032,92.28267729803216,141.4573118554093,8.878945126536534,-215.25846285844722,34.41587365743732,97.62319338148757,550.3502126320762,116.55722354394707,-271.88124044222417,43.46881556540732,123.3025385391876,Approximate,13.0,"Corn, Rainfed, No-Till, Bt ECB After Soybean",Nebraska statewide participating farms,22.29930378109895
2011,M1_fixed,False,UNL,True,1.0,1.0,336546.99,49201.83,84136.77,49201.83,34934.94,104.75477941321886,126.19155672248884,87116769.21496697,104944144.6533487,452.63477941321906,203.484779413219,56.93617021276595,3.5737504438867314,-175.2940455653474,131.26164996579416,257.3608167844809,545.2609204166462,245.12543701892494,-211.1658161850199,158.12273234624163,310.02654285868965,Approximate,11.0,"Corn, No-Till, Bt ECB After Soybean, Rainfed",State/rainfed,14.61960185708391
2011,M1_fixed,False,ERS_Heartland,True,1.0,1.0,336546.99,327364.92,84136.77,84136.77,243228.15,-185.26522058678106,-223.17746954685524,-154071323.10167325,-185600124.5709299,452.63477941321906,,104.4026186579378,6.553108566618794,-465.31404556534744,-158.75835003420582,-32.65918321551908,545.2609204166462,,-560.5348424543641,-191.2462939231025,-39.34248341065447,Approximate,11.0,"Corn, No-Till, Bt ECB After Soybean, Rainfed",ERS Heartland region; all production practices,97.27168262595366
2011,M1_fixed,False,FINBIN_county,False,1.0,1.0,140630.58,105227.73,44497.35,44497.35,60730.38,-62.920438840159996,-75.79633283920599,-21865213.104591873,-26339660.063178286,362.92956115983986,7.799561159839933,83.46972176759411,5.239199512424495,-288.1452877563176,-35.031986752201675,66.53837136231806,437.1986324624979,9.395645430458154,-347.11067722062154,-42.20085200985196,80.15463075788247,Approximate,11.0,"Corn, No-Till, Bt ECB After Soybean, Rainfed","Gage, Johnson, Lancaster, Pawnee participating farms",74.82563891864771
2011,M1_fixed,False,FINBIN_state,False,1.0,1.0,336546.99,306242.1,84136.77,84136.77,222105.33,-97.70422348410436,-117.69819123179067,-81253345.5396518,-97880843.4325726,370.34577651589575,-18.78422348410432,93.62494254082952,5.876619005349584,-326.8401720815673,-76.01630199798728,27.158036293062224,446.1324850848998,-22.628183807555594,-393.72399374471433,-91.57210333643617,32.71559442484883,Approximate,11.0,"Corn, No-Till, Bt ECB After Soybean, Rainfed",Nebraska statewide participating farms,90.99534659335386
2011,M2_HI_sensitivity,False,UNL,True,1.0,1.0,336546.99,49231.979999999996,84136.77,49231.979999999996,34904.79,98.51331034891078,118.67284777314897,81926202.988935,98691392.8839006,446.3933103489111,197.24331034891077,56.93617021276595,3.5737504438867314,-177.67387044550185,124.65468062282213,249.01502716219824,537.7422114673064,237.6067280695849,-214.0326429592807,150.16372798121319,299.97289002858935,Approximate,11.0,"Corn, No-Till, Bt ECB After Soybean, Rainfed",State/rainfed,14.628560487199723
2011,M2_HI_sensitivity,False,ERS_Heartland,True,1.0,1.0,336546.99,328825.44,84136.77,84136.77,244688.66999999998,-191.5066896510892,-230.6961784961952,-159261889.3277053,-191852876.3403781,446.3933103489111,,104.4026186579378,6.553108566618794,-467.69387044550183,-165.36531937717785,-41.004972837801745,537.7422114673064,,-563.4016692286249,-199.20529828813096,-49.396136240754785,Approximate,11.0,"Corn, No-Till, Bt ECB After Soybean, Rainfed",ERS Heartland region; all production practices,97.70565471407129
2011,M2_HI_sensitivity,False,FINBIN_county,False,1.0,1.0,140630.58,110235.69,44497.35,44497.35,65738.34,-67.92494518691151,-81.82494986328479,-23604307.74175709,-28434639.03006557,357.92505481308876,2.795054813088479,83.46972176759411,5.239199512424495,-290.0441216477921,-40.421059654026266,59.74873793015536,431.1700154384196,3.367028406379442,-349.3980841157035,-48.69273240501424,71.97558234425422,Approximate,11.0,"Corn, No-Till, Bt ECB After Soybean, Rainfed","Gage, Johnson, Lancaster, Pawnee participating farms",78.38671361520376
2011,M2_HI_sensitivity,False,FINBIN_state,False,1.0,1.0,336546.99,310249.70999999996,84136.77,84136.77,226112.94,-102.81099347252135,-123.84999889414068,-85500266.82579127,-102996844.93033516,365.2390065274787,-23.890993472521227,93.62494254082952,5.876619005349584,-328.78734479850965,-81.42212431440697,20.329511224110547,439.9806774225497,-28.779991469905518,-396.0696314114145,-98.08416070790241,24.48969567926076,Approximate,11.0,"Corn, No-Till, Bt ECB After Soybean, Rainfed",Nebraska statewide participating farms,92.1861491020912
2013,M1_fixed,False,UNL,True,1.0,1.0,301600.89,271702.89,75400.29,75400.29,196302.6,-85.64158383803303,-99.61623807222712,-63826277.01736467,-74241195.94343723,364.5484161619672,40.61841616196699,100.71364653243849,6.321560400984833,-308.1326900643317,-59.37923664760035,25.010922069752723,424.03398192545524,47.246368331529844,-358.4125612311799,-69.06850515073714,29.0921052092914,Approximate,11.0,"Corn, No-Till, Bt ECB After Soybean, Dryland",Dryland (State),90.08689927937546
2013,M1_fixed,False,ERS_Heartland,True,1.0,1.0,301600.89,301600.89,75400.29,75400.29,226200.6,-344.31158383803296,-400.49498350593376,-256605792.9509517,-298477709.2593028,364.5484161619672,,158.58165548098435,9.953800186237164,-566.8026900643317,-318.04923664760037,-233.6590779302473,424.03398192545524,,-659.2913066648866,-369.94725058444385,-271.78664022441535,Approximate,11.0,"Corn, No-Till, Bt ECB After Soybean, Dryland",ERS Heartland region; all production practices,100.0
2013,M1_fixed,False,FINBIN_county,False,1.0,1.0,120834.0,120810.59999999999,39791.79,39791.79,81018.81,-211.40879343346455,-245.90564248623522,-63123984.345828354,-73424305.93710047,304.8312065665354,-129.42879343346453,132.0337634456454,8.28745099922639,-397.38328959960484,-182.12561833552235,-109.64088239786953,354.57235474072087,-150.54847099106655,-462.22671987879716,-211.84415493149595,-127.53164705654139,Approximate,11.0,"Corn, No-Till, Bt ECB After Soybean, Dryland","Gage, Johnson, Lancaster, Pawnee participating farms",99.98063458960226
2013,M1_fixed,False,FINBIN_state,False,1.0,1.0,301600.89,301600.8,75400.29,75400.29,226200.50999999998,-279.20849476859223,-324.76863038005064,-208086281.617639,-242040976.3601508,308.37150523140787,-176.09849476859213,155.39622228340252,9.753857983217735,-467.4137215254181,-256.9931752802051,-185.6075400211961,358.6903453107424,-204.8335492277348,-543.6844401402086,-298.9283031017621,-215.8942427982139,Approximate,11.0,"Corn, No-Till, Bt ECB After Soybean, Dryland",Nebraska statewide participating farms,99.99997015923925
2013,M2_HI_sensitivity,False,UNL,True,1.0,1.0,301600.89,188941.86,75400.29,75400.29,113541.56999999999,-44.043395328360035,-51.230222024346645,-32824310.63313433,-38180451.552262485,406.14660467164015,82.21660467164,100.71364653243849,6.321560400984833,-291.9226946689157,-14.784280060123137,79.23554224442688,472.4199979733356,95.63238437941034,-339.5574830309289,-17.19672028696956,92.16488399993284,Approximate,11.0,"Corn, No-Till, Bt ECB After Soybean, Dryland",Dryland (State),62.646320440234774
2013,M2_HI_sensitivity,False,ERS_Heartland,True,1.0,1.0,301600.89,301592.16,75400.29,75400.29,226191.87,-302.71339532836004,-352.10896745805337,-225603826.56672135,-262416964.868128,406.14660467164015,,158.58165548098435,9.953800186237164,-550.5926946689158,-273.45428006012315,-179.43445775557313,472.4199979733356,,-640.4362284646357,-318.0754657206763,-208.71386143377387,Approximate,11.0,"Corn, No-Till, Bt ECB After Soybean, Dryland",ERS Heartland region; all production practices,99.99710544620739
2013,M2_HI_sensitivity,False,FINBIN_county,False,1.0,1.0,120834.0,120243.06,39791.79,39791.79,80451.27,-176.62486506777452,-205.44581054621614,-52737944.51284821,-61343513.28634247,339.61513493222543,-94.64486506777445,132.0337634456454,8.28745099922639,-383.82069588329784,-144.00020369193737,-63.24432904820164,395.03218668074,-110.0886390510474,-446.45103587141506,-167.4975862258025,-73.56428801105442,Approximate,11.0,"Corn, No-Till, Bt ECB After Soybean, Dryland","Gage, Johnson, Lancaster, Pawnee participating farms",99.51094890510949
2013,M2_HI_sensitivity,False,FINBIN_state,False,1.0,1.0,301600.89,301578.83999999997,75400.29,75400.29,226178.55,-244.02058710825983,-283.8388994051485,-181861718.25321856,-211537192.6796561,343.55941289174024,-140.9105871082597,155.39622228340252,9.753857983217735,-453.70168642043575,-219.2703015028581,-139.73893381543922,399.6200762856444,-163.90381825283268,-527.7349294906163,-255.04996028550107,-162.5409792192103,Approximate,11.0,"Corn, No-Till, Bt ECB After Soybean, Dryland",Nebraska statewide participating farms,99.99268901361663
2015,M1_fixed,False,UNL,True,1.0,1.0,306756.72,53779.59,76689.18,53779.59,22909.59,27.28367753575116,31.192100574484076,20681364.88381068,23643997.867520813,505.293677535751,204.86367753575118,133.89635854341736,8.40436174388254,-257.2234542837087,63.89785484963005,145.18957249843325,577.677667854468,234.2106713942987,-294.07105569329013,73.05130741087878,165.9881715653327,Approximate,18.0,"Corn, No-Till, Bt ECB After Soybean, Dryland",Dryland (State),17.53167461172489
2015,M1_fixed,False,ERS_Heartland,True,1.0,1.0,306756.72,305849.07,76689.18,76689.18,229159.88999999998,-203.1063224642489,-232.2015728750998,-153957103.45820868,-176011662.97805983,505.293677535751,,198.4313725490196,12.455073867422003,-487.6134542837087,-166.49214515036994,-85.20042750156672,577.677667854468,,-557.4647291428739,-190.342366038705,-97.40550188425107,Approximate,18.0,"Corn, No-Till, Bt ECB After Soybean, Dryland",ERS Heartland region; all production practices,99.70411406146214
2015,M1_fixed,False,FINBIN_county,False,1.0,1.0,128283.48,97117.65,41447.34,41447.34,55670.31,-67.5398109683523,-77.21497857999394,-21409808.21954649,-24476791.67844717,436.47018903164764,8.320189031647718,155.34690989071686,9.750762759485774,-307.65502550631857,-25.037138227092584,46.21225311168248,498.9951232270494,9.512067159341239,-351.7270164648407,-28.623741526537245,52.83221973813103,Approximate,18.0,"Corn, No-Till, Bt ECB After Soybean, Dryland","Gage, Johnson, Lancaster, Pawnee participating farms",75.70550003788485
2015,M1_fixed,False,FINBIN_state,False,1.0,1.0,306756.72,303984.26999999996,76689.18,76689.18,227295.09,-152.18555927940363,-173.9863427430944,-115358535.42397082,-131883798.81541567,439.5044407205961,-56.14555927940357,190.5489719456419,11.960313988948512,-399.64986253596976,-120.33854785179173,-49.63101184086269,502.4640354998162,-64.18848520544934,-456.90023606480435,-137.57720463679823,-56.7407201952542,Approximate,18.0,"Corn, No-Till, Bt ECB After Soybean, Dryland",Nebraska statewide participating farms,99.09620561857618
2015,M2_HI_sensitivity,False,UNL,True,1.0,1.0,306756.72,47396.07,76689.18,47396.07,29293.11,90.16954557909129,103.08645272519004,68349630.32696037,78140805.63713342,568.1795455790913,267.74954557909126,133.89635854341736,8.40436174388254,-229.74566450431632,131.34053363933396,222.749317565948,649.5720200051742,306.10502354500466,-262.6570360384892,150.15523949864493,254.65845311030404,Approximate,18.0,"Corn, No-Till, Bt ECB After Soybean, Dryland",Dryland (State),15.450703084841956
2015,M2_HI_sensitivity,False,ERS_Heartland,True,1.0,1.0,306756.72,293999.31,76689.18,76689.18,217310.13,-140.2204544209087,-160.30722072439374,-106288838.01505893,-121514855.20844716,568.1795455790913,,198.4313725490196,12.455073867422003,-460.1356645043163,-99.04946636066603,-7.640682434052005,649.5720200051742,,-526.050709488073,-113.23843395093886,-8.735220339279765,Approximate,18.0,"Corn, No-Till, Bt ECB After Soybean, Dryland",ERS Heartland region; all production practices,95.8411962417645
2015,M2_HI_sensitivity,False,FINBIN_county,False,1.0,1.0,128283.48,32204.969999999998,41447.34,32204.969999999998,9242.369999999999,-13.219307994955795,-15.112991419995916,-4190459.595744791,-4790748.4976139525,490.79069200504387,62.6406920050442,155.34690989071686,9.750762759485774,-283.21784188898266,34.57297934236004,114.68965782040449,561.0971103870471,71.61405431933923,-323.7891738426258,39.525604544818734,131.11910360689322,Approximate,18.0,"Corn, No-Till, Bt ECB After Soybean, Dryland","Gage, Johnson, Lancaster, Pawnee participating farms",25.104534114603062
2015,M2_HI_sensitivity,False,FINBIN_state,False,1.0,1.0,306756.72,281035.08,76689.18,76689.18,204345.9,-97.48743125530635,-111.4526352424103,-73896678.14151917,-84482475.41740656,494.20256874469385,-1.4474312553063704,190.5489719456419,11.960313988948512,-375.7496809858543,-61.67690584050729,17.83045441886164,564.9977430005008,-1.6547777047653427,-429.57632176905855,-70.51220450685926,20.384690692561875,Approximate,18.0,"Corn, No-Till, Bt ECB After Soybean, Dryland",Nebraska statewide participating farms,91.61497097765292
2017,M1_fixed,False,UNL,True,1.0,1.0,314033.94,314028.81,78508.53,78508.53,235520.28,-215.14451845368868,-237.8333476068702,-166951020.1188366,-184557432.77415615,439.3454815463111,72.1154815463112,195.37014925373134,12.26292802990798,-458.75493500922016,-172.60016148694626,-113.26403527276364,485.67821938072746,79.72067572863882,-507.1345656798645,-190.80232440485406,-125.20869630328313,Approximate,22.0,"Corn, Eastern Nebraska No-Till, Bt & ECB, after Soybeans, Dryland",Eastern Nebraska,99.99836641861067
2017,M1_fixed,False,ERS_Heartland,True,1.0,1.0,314033.94,314033.94,78508.53,78508.53,235525.41,-259.4845184536888,-286.84937975438993,-201358628.0154919,-222593617.14000425,439.3454815463111,,208.60597014925375,13.093709598528006,-503.0949350092202,-216.9401614869463,-157.60403527276367,485.67821938072746,,-556.1505978273841,-239.8183565523737,-174.22472845080276,Approximate,22.0,"Corn, Eastern Nebraska No-Till, Bt & ECB, after Soybeans, Dryland",ERS Heartland region; all production practices,100.0
2017,M1_fixed,False,FINBIN_state,False,1.0,1.0,314033.94,314033.85,78508.53,78508.53,235525.31999999998,-213.04825961640137,-235.51602035026224,-165324334.234234,-182759198.95337138,390.84174038359845,-110.51825961640152,202.6367711800709,12.719036918822857,-429.76408618420226,-175.2007996587874,-122.41538177865056,432.0593439610953,-122.17335512506659,-475.08638394799806,-193.67722210974878,-135.3251305505913,Approximate,22.0,"Corn, Eastern Nebraska No-Till, Bt & ECB, after Soybeans, Dryland",Nebraska statewide participating farms,99.99997134067736
2017,M2_HI_sensitivity,False,UNL,True,1.0,1.0,314033.94,313786.17,78508.53,78508.53,235277.63999999998,-186.78586045630635,-206.4840266312228,-144944849.9598543,-160230523.79904422,467.70413954369343,100.47413954369368,195.37014925373134,12.26292802990798,-446.12073112812067,-141.49534794026238,-78.32927845878396,517.0275403563749,111.06999670428638,-493.1679769655143,-156.41724229509177,-86.58977065917384,Approximate,22.0,"Corn, Eastern Nebraska No-Till, Bt & ECB, after Soybeans, Dryland",Eastern Nebraska,99.92110088482792
2017,M2_HI_sensitivity,False,ERS_Heartland,True,1.0,1.0,314033.94,314029.35,78508.53,78508.53,235520.81999999998,-231.12586045630638,-255.5000587787424,-179352457.8565095,-198266708.16489223,467.70413954369343,,208.60597014925375,13.093709598528006,-490.4607311281207,-185.8353479402624,-122.66927845878399,517.0275403563749,,-542.1840091130339,-205.4332744426114,-135.60580280669345,Approximate,22.0,"Corn, Eastern Nebraska No-Till, Bt & ECB, after Soybeans, Dryland",ERS Heartland region; all production practices,99.99853837454638
2017,M2_HI_sensitivity,False,FINBIN_state,False,1.0,1.0,314033.94,314004.06,78508.53,78508.53,235495.53,-187.82039746193004,-207.6276644103263,-145747645.2608033,-161117980.72911176,416.0696025380693,-85.29039746193024,202.6367711800709,12.719036918822857,-418.52469841157614,-147.52995752765742,-91.33742211693425,459.9476999010307,-94.2849991851307,-462.6617066277121,-163.08825306490425,-100.96973429759169,Approximate,22.0,"Corn, Eastern Nebraska No-Till, Bt & ECB, after Soybeans, Dryland",Nebraska statewide participating farms,99.99048510489025
