source,scenario,from_year,to_year,interval_years,from_class,to_class,pair_common_ha,transition_ha,budget_system_change,source_change_caveat
ERS_Heartland,M1_fixed,2009,2011,2,0,0,149852.43,3464.1,False,False
ERS_Heartland,M1_fixed,2009,2011,2,0,1,149852.43,58130.729999999996,False,False
ERS_Heartland,M1_fixed,2009,2011,2,1,0,149852.43,337.77,False,False
ERS_Heartland,M1_fixed,2009,2011,2,1,1,149852.43,87919.83,False,False
ERS_Heartland,M1_fixed,2011,2013,2,0,0,216011.97,0.0,False,False
ERS_Heartland,M1_fixed,2011,2013,2,0,1,216011.97,5126.04,False,False
ERS_Heartland,M1_fixed,2011,2013,2,1,0,216011.97,0.0,False,False
ERS_Heartland,M1_fixed,2011,2013,2,1,1,216011.97,210885.93,False,False
ERS_Heartland,M1_fixed,2013,2015,2,0,0,203501.25,0.0,False,False
ERS_Heartland,M1_fixed,2013,2015,2,0,1,203501.25,0.0,False,False
ERS_Heartland,M1_fixed,2013,2015,2,1,0,203501.25,425.60999999999996,False,False
ERS_Heartland,M1_fixed,2013,2015,2,1,1,203501.25,203075.63999999998,False,False
ERS_Heartland,M1_fixed,2015,2017,2,0,0,204444.63,0.0,True,False
ERS_Heartland,M1_fixed,2015,2017,2,0,1,204444.63,532.53,True,False
ERS_Heartland,M1_fixed,2015,2017,2,1,0,204444.63,0.0,True,False
ERS_Heartland,M1_fixed,2015,2017,2,1,1,204444.63,203912.1,True,False
ERS_Heartland,M1_fixed,2017,2019,2,0,0,214899.93,0.0,True,True
ERS_Heartland,M1_fixed,2017,2019,2,0,1,214899.93,0.0,True,True
ERS_Heartland,M1_fixed,2017,2019,2,1,0,214899.93,488.07,True,True
ERS_Heartland,M1_fixed,2017,2019,2,1,1,214899.93,214411.86,True,True
ERS_Heartland,M2_HI_sensitivity,2009,2011,2,0,0,149852.43,2910.69,False,False
ERS_Heartland,M2_HI_sensitivity,2009,2011,2,0,1,149852.43,58684.14,False,False
ERS_Heartland,M2_HI_sensitivity,2009,2011,2,1,0,149852.43,242.73,False,False
ERS_Heartland,M2_HI_sensitivity,2009,2011,2,1,1,149852.43,88014.87,False,False
ERS_Heartland,M2_HI_sensitivity,2011,2013,2,0,0,216011.97,5.49,False,False
ERS_Heartland,M2_HI_sensitivity,2011,2013,2,0,1,216011.97,4247.19,False,False
ERS_Heartland,M2_HI_sensitivity,2011,2013,2,1,0,216011.97,0.54,False,False
ERS_Heartland,M2_HI_sensitivity,2011,2013,2,1,1,216011.97,211758.75,False,False
ERS_Heartland,M2_HI_sensitivity,2013,2015,2,0,0,203501.25,3.8699999999999997,False,False
ERS_Heartland,M2_HI_sensitivity,2013,2015,2,0,1,203501.25,0.09,False,False
ERS_Heartland,M2_HI_sensitivity,2013,2015,2,1,0,203501.25,7730.73,False,False
ERS_Heartland,M2_HI_sensitivity,2013,2015,2,1,1,203501.25,195766.56,False,False
ERS_Heartland,M2_HI_sensitivity,2015,2017,2,0,0,204444.63,0.8099999999999999,True,False
ERS_Heartland,M2_HI_sensitivity,2015,2017,2,0,1,204444.63,8343.9,True,False
ERS_Heartland,M2_HI_sensitivity,2015,2017,2,1,0,204444.63,0.0,True,False
ERS_Heartland,M2_HI_sensitivity,2015,2017,2,1,1,204444.63,196099.91999999998,True,False
ERS_Heartland,M2_HI_sensitivity,2017,2019,2,0,0,214899.93,0.0,True,True
ERS_Heartland,M2_HI_sensitivity,2017,2019,2,0,1,214899.93,0.09,True,True
ERS_Heartland,M2_HI_sensitivity,2017,2019,2,1,0,214899.93,112.86,True,True
ERS_Heartland,M2_HI_sensitivity,2017,2019,2,1,1,214899.93,214786.97999999998,True,True
FINBIN_county,M1_fixed,2009,2011,2,0,0,53489.34,15581.43,False,False
FINBIN_county,M1_fixed,2009,2011,2,0,1,53489.34,30463.199999999997,False,False
FINBIN_county,M1_fixed,2009,2011,2,1,0,53489.34,290.78999999999996,False,False
FINBIN_county,M1_fixed,2009,2011,2,1,1,53489.34,7153.92,False,False
FINBIN_county,M1_fixed,2011,2013,2,0,0,85848.66,16.11,False,False
FINBIN_county,M1_fixed,2011,2013,2,0,1,85848.66,22616.01,False,False
FINBIN_county,M1_fixed,2011,2013,2,1,0,85848.66,0.09,False,False
FINBIN_county,M1_fixed,2011,2013,2,1,1,85848.66,63216.45,False,False
FINBIN_county,M1_fixed,2013,2015,2,0,0,82917.54,12.51,False,False
FINBIN_county,M1_fixed,2013,2015,2,0,1,82917.54,0.0,False,False
FINBIN_county,M1_fixed,2013,2015,2,1,0,82917.54,20305.71,False,False
FINBIN_county,M1_fixed,2013,2015,2,1,1,82917.54,62599.32,False,False
FINBIN_county,M2_HI_sensitivity,2009,2011,2,0,0,53489.34,13170.33,False,False
FINBIN_county,M2_HI_sensitivity,2009,2011,2,0,1,53489.34,32874.299999999996,False,False
FINBIN_county,M2_HI_sensitivity,2009,2011,2,1,0,53489.34,234.26999999999998,False,False
FINBIN_county,M2_HI_sensitivity,2009,2011,2,1,1,53489.34,7210.44,False,False
FINBIN_county,M2_HI_sensitivity,2011,2013,2,0,0,85848.66,423.45,False,False
FINBIN_county,M2_HI_sensitivity,2011,2013,2,0,1,85848.66,18801.0,False,False
FINBIN_county,M2_HI_sensitivity,2011,2013,2,1,0,85848.66,5.04,False,False
FINBIN_county,M2_HI_sensitivity,2011,2013,2,1,1,85848.66,66619.17,False,False
FINBIN_county,M2_HI_sensitivity,2013,2015,2,0,0,82917.54,339.03,False,False
FINBIN_county,M2_HI_sensitivity,2013,2015,2,0,1,82917.54,0.72,False,False
FINBIN_county,M2_HI_sensitivity,2013,2015,2,1,0,82917.54,63654.93,False,False
FINBIN_county,M2_HI_sensitivity,2013,2015,2,1,1,82917.54,18922.86,False,False
FINBIN_state,M1_fixed,2009,2011,2,0,0,149852.43,13084.92,False,False
FINBIN_state,M1_fixed,2009,2011,2,0,1,149852.43,108689.84999999999,False,False
FINBIN_state,M1_fixed,2009,2011,2,1,0,149852.43,410.13,False,False
FINBIN_state,M1_fixed,2009,2011,2,1,1,149852.43,27667.53,False,False
FINBIN_state,M1_fixed,2011,2013,2,0,0,216011.97,0.0,False,False
FINBIN_state,M1_fixed,2011,2013,2,0,1,216011.97,18467.55,False,False
FINBIN_state,M1_fixed,2011,2013,2,1,0,216011.97,0.0,False,False
FINBIN_state,M1_fixed,2011,2013,2,1,1,216011.97,197544.41999999998,False,False
FINBIN_state,M1_fixed,2013,2015,2,0,0,203501.25,0.09,False,False
FINBIN_state,M1_fixed,2013,2015,2,0,1,203501.25,0.0,False,False
FINBIN_state,M1_fixed,2013,2015,2,1,0,203501.25,1472.85,False,False
FINBIN_state,M1_fixed,2013,2015,2,1,1,203501.25,202028.31,False,False
FINBIN_state,M1_fixed,2015,2017,2,0,0,204444.63,0.0,True,False
FINBIN_state,M1_fixed,2015,2017,2,0,1,204444.63,1735.29,True,False
FINBIN_state,M1_fixed,2015,2017,2,1,0,204444.63,0.0,True,False
FINBIN_state,M1_fixed,2015,2017,2,1,1,204444.63,202709.34,True,False
FINBIN_state,M1_fixed,2017,2019,2,0,0,214899.93,0.0,True,True
FINBIN_state,M1_fixed,2017,2019,2,0,1,214899.93,0.0,True,True
FINBIN_state,M1_fixed,2017,2019,2,1,0,214899.93,738.81,True,True
FINBIN_state,M1_fixed,2017,2019,2,1,1,214899.93,214161.12,True,True
FINBIN_state,M2_HI_sensitivity,2009,2011,2,0,0,149852.43,11321.01,False,False
FINBIN_state,M2_HI_sensitivity,2009,2011,2,0,1,149852.43,110453.76,False,False
FINBIN_state,M2_HI_sensitivity,2009,2011,2,1,0,149852.43,322.83,False,False
FINBIN_state,M2_HI_sensitivity,2009,2011,2,1,1,149852.43,27754.829999999998,False,False
FINBIN_state,M2_HI_sensitivity,2011,2013,2,0,0,216011.97,14.67,False,False
FINBIN_state,M2_HI_sensitivity,2011,2013,2,0,1,216011.97,15847.74,False,False
FINBIN_state,M2_HI_sensitivity,2011,2013,2,1,0,216011.97,1.3499999999999999,False,False
FINBIN_state,M2_HI_sensitivity,2011,2013,2,1,1,216011.97,200148.21,False,False
FINBIN_state,M2_HI_sensitivity,2013,2015,2,0,0,203501.25,11.16,False,False
FINBIN_state,M2_HI_sensitivity,2013,2015,2,0,1,203501.25,0.27,False,False
FINBIN_state,M2_HI_sensitivity,2013,2015,2,1,0,203501.25,16237.89,False,False
FINBIN_state,M2_HI_sensitivity,2013,2015,2,1,1,203501.25,187251.93,False,False
FINBIN_state,M2_HI_sensitivity,2015,2017,2,0,0,204444.63,13.139999999999999,True,False
FINBIN_state,M2_HI_sensitivity,2015,2017,2,0,1,204444.63,17005.59,True,False
FINBIN_state,M2_HI_sensitivity,2015,2017,2,1,0,204444.63,0.44999999999999996,True,False
FINBIN_state,M2_HI_sensitivity,2015,2017,2,1,1,204444.63,187425.44999999998,True,False
FINBIN_state,M2_HI_sensitivity,2017,2019,2,0,0,214899.93,0.72,True,True
FINBIN_state,M2_HI_sensitivity,2017,2019,2,0,1,214899.93,0.8099999999999999,True,True
FINBIN_state,M2_HI_sensitivity,2017,2019,2,1,0,214899.93,188.73,True,True
FINBIN_state,M2_HI_sensitivity,2017,2019,2,1,1,214899.93,214709.66999999998,True,True
UNL,M1_fixed,2011,2013,2,0,0,216011.97,21171.329999999998,False,False
UNL,M1_fixed,2011,2013,2,0,1,216011.97,165835.35,False,False
UNL,M1_fixed,2011,2013,2,1,0,216011.97,0.27,False,False
UNL,M1_fixed,2011,2013,2,1,1,216011.97,29005.02,False,False
UNL,M1_fixed,2013,2015,2,0,0,203501.25,19688.219999999998,False,False
UNL,M1_fixed,2013,2015,2,0,1,203501.25,24.119999999999997,False,False
UNL,M1_fixed,2013,2015,2,1,0,203501.25,151402.05,False,False
UNL,M1_fixed,2013,2015,2,1,1,203501.25,32386.86,False,False
UNL,M1_fixed,2015,2017,2,0,0,204444.63,0.8999999999999999,True,False
UNL,M1_fixed,2015,2017,2,0,1,204444.63,169473.50999999998,True,False
UNL,M1_fixed,2015,2017,2,1,0,204444.63,0.0,True,False
UNL,M1_fixed,2015,2017,2,1,1,204444.63,34970.22,True,False
UNL,M1_fixed,2017,2019,2,0,0,214899.93,0.18,True,True
UNL,M1_fixed,2017,2019,2,0,1,214899.93,0.09,True,True
UNL,M1_fixed,2017,2019,2,1,0,214899.93,127709.09999999999,True,True
UNL,M1_fixed,2017,2019,2,1,1,214899.93,87190.56,True,True
UNL,M2_HI_sensitivity,2011,2013,2,0,0,216011.97,82955.87999999999,False,False
UNL,M2_HI_sensitivity,2011,2013,2,0,1,216011.97,104038.56,False,False
UNL,M2_HI_sensitivity,2011,2013,2,1,0,216011.97,1.3499999999999999,False,False
UNL,M2_HI_sensitivity,2011,2013,2,1,1,216011.97,29016.18,False,False
UNL,M2_HI_sensitivity,2013,2015,2,0,0,203501.25,76981.5,False,False
UNL,M2_HI_sensitivity,2013,2015,2,0,1,203501.25,36.18,False,False
UNL,M2_HI_sensitivity,2013,2015,2,1,0,203501.25,97417.08,False,False
UNL,M2_HI_sensitivity,2013,2015,2,1,1,203501.25,29066.489999999998,False,False
UNL,M2_HI_sensitivity,2015,2017,2,0,0,204444.63,144.72,True,False
UNL,M2_HI_sensitivity,2015,2017,2,0,1,204444.63,172895.66999999998,True,False
UNL,M2_HI_sensitivity,2015,2017,2,1,0,204444.63,0.09,True,False
UNL,M2_HI_sensitivity,2015,2017,2,1,1,204444.63,31404.149999999998,True,False
UNL,M2_HI_sensitivity,2017,2019,2,0,0,214899.93,33.12,True,True
UNL,M2_HI_sensitivity,2017,2019,2,0,1,214899.93,1.17,True,True
UNL,M2_HI_sensitivity,2017,2019,2,1,0,214899.93,69090.20999999999,True,True
UNL,M2_HI_sensitivity,2017,2019,2,1,1,214899.93,145775.43,True,True
