source,scenario,available_years,observed_seasons,loss_seasons,area_ha
ERS_Heartland,M1_fixed,2001;2009;2011;2013;2015;2017;2019,1,0,7222.5
ERS_Heartland,M1_fixed,2001;2009;2011;2013;2015;2017;2019,1,1,182478.69
ERS_Heartland,M1_fixed,2001;2009;2011;2013;2015;2017;2019,2,0,318.96
ERS_Heartland,M1_fixed,2001;2009;2011;2013;2015;2017;2019,2,1,13323.24
ERS_Heartland,M1_fixed,2001;2009;2011;2013;2015;2017;2019,2,2,113526.09
ERS_Heartland,M1_fixed,2001;2009;2011;2013;2015;2017;2019,3,0,16.2
ERS_Heartland,M1_fixed,2001;2009;2011;2013;2015;2017;2019,3,1,648.72
ERS_Heartland,M1_fixed,2001;2009;2011;2013;2015;2017;2019,3,2,12999.689999999999
ERS_Heartland,M1_fixed,2001;2009;2011;2013;2015;2017;2019,3,3,83677.41
ERS_Heartland,M1_fixed,2001;2009;2011;2013;2015;2017;2019,4,0,0.54
ERS_Heartland,M1_fixed,2001;2009;2011;2013;2015;2017;2019,4,1,40.589999999999996
ERS_Heartland,M1_fixed,2001;2009;2011;2013;2015;2017;2019,4,2,753.93
ERS_Heartland,M1_fixed,2001;2009;2011;2013;2015;2017;2019,4,3,13638.33
ERS_Heartland,M1_fixed,2001;2009;2011;2013;2015;2017;2019,4,4,74908.17
ERS_Heartland,M1_fixed,2001;2009;2011;2013;2015;2017;2019,5,0,0.0
ERS_Heartland,M1_fixed,2001;2009;2011;2013;2015;2017;2019,5,1,3.33
ERS_Heartland,M1_fixed,2001;2009;2011;2013;2015;2017;2019,5,2,75.69
ERS_Heartland,M1_fixed,2001;2009;2011;2013;2015;2017;2019,5,3,764.73
ERS_Heartland,M1_fixed,2001;2009;2011;2013;2015;2017;2019,5,4,15299.099999999999
ERS_Heartland,M1_fixed,2001;2009;2011;2013;2015;2017;2019,5,5,66679.02
ERS_Heartland,M1_fixed,2001;2009;2011;2013;2015;2017;2019,6,0,0.0
ERS_Heartland,M1_fixed,2001;2009;2011;2013;2015;2017;2019,6,1,0.18
ERS_Heartland,M1_fixed,2001;2009;2011;2013;2015;2017;2019,6,2,7.6499999999999995
ERS_Heartland,M1_fixed,2001;2009;2011;2013;2015;2017;2019,6,3,82.89
ERS_Heartland,M1_fixed,2001;2009;2011;2013;2015;2017;2019,6,4,832.3199999999999
ERS_Heartland,M1_fixed,2001;2009;2011;2013;2015;2017;2019,6,5,17976.149999999998
ERS_Heartland,M1_fixed,2001;2009;2011;2013;2015;2017;2019,6,6,40645.439999999995
ERS_Heartland,M1_fixed,2001;2009;2011;2013;2015;2017;2019,7,0,0.0
ERS_Heartland,M1_fixed,2001;2009;2011;2013;2015;2017;2019,7,1,0.0
ERS_Heartland,M1_fixed,2001;2009;2011;2013;2015;2017;2019,7,2,0.09
ERS_Heartland,M1_fixed,2001;2009;2011;2013;2015;2017;2019,7,3,10.62
ERS_Heartland,M1_fixed,2001;2009;2011;2013;2015;2017;2019,7,4,24.3
ERS_Heartland,M1_fixed,2001;2009;2011;2013;2015;2017;2019,7,5,492.21
ERS_Heartland,M1_fixed,2001;2009;2011;2013;2015;2017;2019,7,6,19670.04
ERS_Heartland,M1_fixed,2001;2009;2011;2013;2015;2017;2019,7,7,25733.789999999997
ERS_Heartland,M2_HI_sensitivity,2001;2009;2011;2013;2015;2017;2019,1,0,7479.63
ERS_Heartland,M2_HI_sensitivity,2001;2009;2011;2013;2015;2017;2019,1,1,182221.56
ERS_Heartland,M2_HI_sensitivity,2001;2009;2011;2013;2015;2017;2019,2,0,447.3
ERS_Heartland,M2_HI_sensitivity,2001;2009;2011;2013;2015;2017;2019,2,1,13914.9
ERS_Heartland,M2_HI_sensitivity,2001;2009;2011;2013;2015;2017;2019,2,2,112806.09
ERS_Heartland,M2_HI_sensitivity,2001;2009;2011;2013;2015;2017;2019,3,0,35.28
ERS_Heartland,M2_HI_sensitivity,2001;2009;2011;2013;2015;2017;2019,3,1,1075.86
ERS_Heartland,M2_HI_sensitivity,2001;2009;2011;2013;2015;2017;2019,3,2,13626.359999999999
ERS_Heartland,M2_HI_sensitivity,2001;2009;2011;2013;2015;2017;2019,3,3,82604.52
ERS_Heartland,M2_HI_sensitivity,2001;2009;2011;2013;2015;2017;2019,4,0,0.72
ERS_Heartland,M2_HI_sensitivity,2001;2009;2011;2013;2015;2017;2019,4,1,143.91
ERS_Heartland,M2_HI_sensitivity,2001;2009;2011;2013;2015;2017;2019,4,2,1478.97
ERS_Heartland,M2_HI_sensitivity,2001;2009;2011;2013;2015;2017;2019,4,3,13833.0
ERS_Heartland,M2_HI_sensitivity,2001;2009;2011;2013;2015;2017;2019,4,4,73884.95999999999
ERS_Heartland,M2_HI_sensitivity,2001;2009;2011;2013;2015;2017;2019,5,0,0.0
ERS_Heartland,M2_HI_sensitivity,2001;2009;2011;2013;2015;2017;2019,5,1,2.16
ERS_Heartland,M2_HI_sensitivity,2001;2009;2011;2013;2015;2017;2019,5,2,306.71999999999997
ERS_Heartland,M2_HI_sensitivity,2001;2009;2011;2013;2015;2017;2019,5,3,1601.6399999999999
ERS_Heartland,M2_HI_sensitivity,2001;2009;2011;2013;2015;2017;2019,5,4,14988.689999999999
ERS_Heartland,M2_HI_sensitivity,2001;2009;2011;2013;2015;2017;2019,5,5,65922.66
ERS_Heartland,M2_HI_sensitivity,2001;2009;2011;2013;2015;2017;2019,6,0,0.0
ERS_Heartland,M2_HI_sensitivity,2001;2009;2011;2013;2015;2017;2019,6,1,0.09
ERS_Heartland,M2_HI_sensitivity,2001;2009;2011;2013;2015;2017;2019,6,2,3.42
ERS_Heartland,M2_HI_sensitivity,2001;2009;2011;2013;2015;2017;2019,6,3,441.9
ERS_Heartland,M2_HI_sensitivity,2001;2009;2011;2013;2015;2017;2019,6,4,1481.85
ERS_Heartland,M2_HI_sensitivity,2001;2009;2011;2013;2015;2017;2019,6,5,17241.57
ERS_Heartland,M2_HI_sensitivity,2001;2009;2011;2013;2015;2017;2019,6,6,40375.799999999996
ERS_Heartland,M2_HI_sensitivity,2001;2009;2011;2013;2015;2017;2019,7,0,0.0
ERS_Heartland,M2_HI_sensitivity,2001;2009;2011;2013;2015;2017;2019,7,1,0.0
ERS_Heartland,M2_HI_sensitivity,2001;2009;2011;2013;2015;2017;2019,7,2,0.09
ERS_Heartland,M2_HI_sensitivity,2001;2009;2011;2013;2015;2017;2019,7,3,3.69
ERS_Heartland,M2_HI_sensitivity,2001;2009;2011;2013;2015;2017;2019,7,4,219.51
ERS_Heartland,M2_HI_sensitivity,2001;2009;2011;2013;2015;2017;2019,7,5,1336.86
ERS_Heartland,M2_HI_sensitivity,2001;2009;2011;2013;2015;2017;2019,7,6,18667.17
ERS_Heartland,M2_HI_sensitivity,2001;2009;2011;2013;2015;2017;2019,7,7,25703.73
FINBIN_county,M1_fixed,2001;2009;2011;2013;2015;2019,1,0,26734.32
FINBIN_county,M1_fixed,2001;2009;2011;2013;2015;2019,1,1,62291.97
FINBIN_county,M1_fixed,2001;2009;2011;2013;2015;2019,2,0,6878.88
FINBIN_county,M1_fixed,2001;2009;2011;2013;2015;2019,2,1,21332.25
FINBIN_county,M1_fixed,2001;2009;2011;2013;2015;2019,2,2,29778.21
FINBIN_county,M1_fixed,2001;2009;2011;2013;2015;2019,3,0,2223.45
FINBIN_county,M1_fixed,2001;2009;2011;2013;2015;2019,3,1,7891.38
FINBIN_county,M1_fixed,2001;2009;2011;2013;2015;2019,3,2,15207.93
FINBIN_county,M1_fixed,2001;2009;2011;2013;2015;2019,3,3,22357.35
FINBIN_county,M1_fixed,2001;2009;2011;2013;2015;2019,4,0,697.9499999999999
FINBIN_county,M1_fixed,2001;2009;2011;2013;2015;2019,4,1,3964.5899999999997
FINBIN_county,M1_fixed,2001;2009;2011;2013;2015;2019,4,2,6525.09
FINBIN_county,M1_fixed,2001;2009;2011;2013;2015;2019,4,3,13720.23
FINBIN_county,M1_fixed,2001;2009;2011;2013;2015;2019,4,4,16881.21
FINBIN_county,M1_fixed,2001;2009;2011;2013;2015;2019,5,0,180.72
FINBIN_county,M1_fixed,2001;2009;2011;2013;2015;2019,5,1,2153.7
FINBIN_county,M1_fixed,2001;2009;2011;2013;2015;2019,5,2,3056.04
FINBIN_county,M1_fixed,2001;2009;2011;2013;2015;2019,5,3,5238.8099999999995
FINBIN_county,M1_fixed,2001;2009;2011;2013;2015;2019,5,4,9813.869999999999
FINBIN_county,M1_fixed,2001;2009;2011;2013;2015;2019,5,5,6027.75
FINBIN_county,M1_fixed,2001;2009;2011;2013;2015;2019,6,0,0.44999999999999996
FINBIN_county,M1_fixed,2001;2009;2011;2013;2015;2019,6,1,1087.2
FINBIN_county,M1_fixed,2001;2009;2011;2013;2015;2019,6,2,1281.33
FINBIN_county,M1_fixed,2001;2009;2011;2013;2015;2019,6,3,2376.81
FINBIN_county,M1_fixed,2001;2009;2011;2013;2015;2019,6,4,4510.26
FINBIN_county,M1_fixed,2001;2009;2011;2013;2015;2019,6,5,6941.34
FINBIN_county,M1_fixed,2001;2009;2011;2013;2015;2019,6,6,777.87
FINBIN_county,M2_HI_sensitivity,2001;2009;2011;2013;2015;2019,1,0,25361.1
FINBIN_county,M2_HI_sensitivity,2001;2009;2011;2013;2015;2019,1,1,63665.189999999995
FINBIN_county,M2_HI_sensitivity,2001;2009;2011;2013;2015;2019,2,0,7126.11
FINBIN_county,M2_HI_sensitivity,2001;2009;2011;2013;2015;2019,2,1,25257.51
FINBIN_county,M2_HI_sensitivity,2001;2009;2011;2013;2015;2019,2,2,25605.719999999998
FINBIN_county,M2_HI_sensitivity,2001;2009;2011;2013;2015;2019,3,0,2124.99
FINBIN_county,M2_HI_sensitivity,2001;2009;2011;2013;2015;2019,3,1,9507.06
FINBIN_county,M2_HI_sensitivity,2001;2009;2011;2013;2015;2019,3,2,20241.27
FINBIN_county,M2_HI_sensitivity,2001;2009;2011;2013;2015;2019,3,3,15806.789999999999
FINBIN_county,M2_HI_sensitivity,2001;2009;2011;2013;2015;2019,4,0,644.49
FINBIN_county,M2_HI_sensitivity,2001;2009;2011;2013;2015;2019,4,1,3829.5
FINBIN_county,M2_HI_sensitivity,2001;2009;2011;2013;2015;2019,4,2,10752.119999999999
FINBIN_county,M2_HI_sensitivity,2001;2009;2011;2013;2015;2019,4,3,18434.52
FINBIN_county,M2_HI_sensitivity,2001;2009;2011;2013;2015;2019,4,4,8128.44
FINBIN_county,M2_HI_sensitivity,2001;2009;2011;2013;2015;2019,5,0,208.70999999999998
FINBIN_county,M2_HI_sensitivity,2001;2009;2011;2013;2015;2019,5,1,1697.3999999999999
FINBIN_county,M2_HI_sensitivity,2001;2009;2011;2013;2015;2019,5,2,4416.93
FINBIN_county,M2_HI_sensitivity,2001;2009;2011;2013;2015;2019,5,3,10271.43
FINBIN_county,M2_HI_sensitivity,2001;2009;2011;2013;2015;2019,5,4,7106.04
FINBIN_county,M2_HI_sensitivity,2001;2009;2011;2013;2015;2019,5,5,2770.38
FINBIN_county,M2_HI_sensitivity,2001;2009;2011;2013;2015;2019,6,0,23.49
FINBIN_county,M2_HI_sensitivity,2001;2009;2011;2013;2015;2019,6,1,800.1899999999999
FINBIN_county,M2_HI_sensitivity,2001;2009;2011;2013;2015;2019,6,2,1156.05
FINBIN_county,M2_HI_sensitivity,2001;2009;2011;2013;2015;2019,6,3,4318.47
FINBIN_county,M2_HI_sensitivity,2001;2009;2011;2013;2015;2019,6,4,8810.82
FINBIN_county,M2_HI_sensitivity,2001;2009;2011;2013;2015;2019,6,5,1034.6399999999999
FINBIN_county,M2_HI_sensitivity,2001;2009;2011;2013;2015;2019,6,6,831.6
FINBIN_state,M1_fixed,2001;2009;2011;2013;2015;2017;2019,1,0,19196.82
FINBIN_state,M1_fixed,2001;2009;2011;2013;2015;2017;2019,1,1,170504.37
FINBIN_state,M1_fixed,2001;2009;2011;2013;2015;2017;2019,2,0,1653.57
FINBIN_state,M1_fixed,2001;2009;2011;2013;2015;2017;2019,2,1,32060.789999999997
FINBIN_state,M1_fixed,2001;2009;2011;2013;2015;2017;2019,2,2,93453.93
FINBIN_state,M1_fixed,2001;2009;2011;2013;2015;2017;2019,3,0,240.03
FINBIN_state,M1_fixed,2001;2009;2011;2013;2015;2017;2019,3,1,2387.7
FINBIN_state,M1_fixed,2001;2009;2011;2013;2015;2017;2019,3,2,26035.2
FINBIN_state,M1_fixed,2001;2009;2011;2013;2015;2017;2019,3,3,68679.09
FINBIN_state,M1_fixed,2001;2009;2011;2013;2015;2017;2019,4,0,30.869999999999997
FINBIN_state,M1_fixed,2001;2009;2011;2013;2015;2017;2019,4,1,407.96999999999997
FINBIN_state,M1_fixed,2001;2009;2011;2013;2015;2017;2019,4,2,2575.89
FINBIN_state,M1_fixed,2001;2009;2011;2013;2015;2017;2019,4,3,26918.91
FINBIN_state,M1_fixed,2001;2009;2011;2013;2015;2017;2019,4,4,59407.92
FINBIN_state,M1_fixed,2001;2009;2011;2013;2015;2017;2019,5,0,2.9699999999999998
FINBIN_state,M1_fixed,2001;2009;2011;2013;2015;2017;2019,5,1,107.82
FINBIN_state,M1_fixed,2001;2009;2011;2013;2015;2017;2019,5,2,518.67
FINBIN_state,M1_fixed,2001;2009;2011;2013;2015;2017;2019,5,3,2739.5099999999998
FINBIN_state,M1_fixed,2001;2009;2011;2013;2015;2017;2019,5,4,29526.66
FINBIN_state,M1_fixed,2001;2009;2011;2013;2015;2017;2019,5,5,49926.24
FINBIN_state,M1_fixed,2001;2009;2011;2013;2015;2017;2019,6,0,0.0
FINBIN_state,M1_fixed,2001;2009;2011;2013;2015;2017;2019,6,1,9.54
FINBIN_state,M1_fixed,2001;2009;2011;2013;2015;2017;2019,6,2,223.38
FINBIN_state,M1_fixed,2001;2009;2011;2013;2015;2017;2019,6,3,514.26
FINBIN_state,M1_fixed,2001;2009;2011;2013;2015;2017;2019,6,4,3197.25
FINBIN_state,M1_fixed,2001;2009;2011;2013;2015;2017;2019,6,5,33459.299999999996
FINBIN_state,M1_fixed,2001;2009;2011;2013;2015;2017;2019,6,6,22140.899999999998
FINBIN_state,M1_fixed,2001;2009;2011;2013;2015;2017;2019,7,0,0.0
FINBIN_state,M1_fixed,2001;2009;2011;2013;2015;2017;2019,7,1,0.0
FINBIN_state,M1_fixed,2001;2009;2011;2013;2015;2017;2019,7,2,30.779999999999998
FINBIN_state,M1_fixed,2001;2009;2011;2013;2015;2017;2019,7,3,98.64
FINBIN_state,M1_fixed,2001;2009;2011;2013;2015;2017;2019,7,4,396.09
FINBIN_state,M1_fixed,2001;2009;2011;2013;2015;2017;2019,7,5,2630.88
FINBIN_state,M1_fixed,2001;2009;2011;2013;2015;2017;2019,7,6,36480.689999999995
FINBIN_state,M1_fixed,2001;2009;2011;2013;2015;2017;2019,7,7,6293.969999999999
FINBIN_state,M2_HI_sensitivity,2001;2009;2011;2013;2015;2017;2019,1,0,19655.73
FINBIN_state,M2_HI_sensitivity,2001;2009;2011;2013;2015;2017;2019,1,1,170045.46
FINBIN_state,M2_HI_sensitivity,2001;2009;2011;2013;2015;2017;2019,2,0,1959.9299999999998
FINBIN_state,M2_HI_sensitivity,2001;2009;2011;2013;2015;2017;2019,2,1,32897.61
FINBIN_state,M2_HI_sensitivity,2001;2009;2011;2013;2015;2017;2019,2,2,92310.75
FINBIN_state,M2_HI_sensitivity,2001;2009;2011;2013;2015;2017;2019,3,0,319.05
FINBIN_state,M2_HI_sensitivity,2001;2009;2011;2013;2015;2017;2019,3,1,3217.5
FINBIN_state,M2_HI_sensitivity,2001;2009;2011;2013;2015;2017;2019,3,2,26653.95
FINBIN_state,M2_HI_sensitivity,2001;2009;2011;2013;2015;2017;2019,3,3,67151.52
FINBIN_state,M2_HI_sensitivity,2001;2009;2011;2013;2015;2017;2019,4,0,51.39
FINBIN_state,M2_HI_sensitivity,2001;2009;2011;2013;2015;2017;2019,4,1,750.78
FINBIN_state,M2_HI_sensitivity,2001;2009;2011;2013;2015;2017;2019,4,2,3950.64
FINBIN_state,M2_HI_sensitivity,2001;2009;2011;2013;2015;2017;2019,4,3,26521.829999999998
FINBIN_state,M2_HI_sensitivity,2001;2009;2011;2013;2015;2017;2019,4,4,58066.92
FINBIN_state,M2_HI_sensitivity,2001;2009;2011;2013;2015;2017;2019,5,0,1.98
FINBIN_state,M2_HI_sensitivity,2001;2009;2011;2013;2015;2017;2019,5,1,209.51999999999998
FINBIN_state,M2_HI_sensitivity,2001;2009;2011;2013;2015;2017;2019,5,2,1219.5
FINBIN_state,M2_HI_sensitivity,2001;2009;2011;2013;2015;2017;2019,5,3,4048.2
FINBIN_state,M2_HI_sensitivity,2001;2009;2011;2013;2015;2017;2019,5,4,28260.809999999998
FINBIN_state,M2_HI_sensitivity,2001;2009;2011;2013;2015;2017;2019,5,5,49081.86
FINBIN_state,M2_HI_sensitivity,2001;2009;2011;2013;2015;2017;2019,6,0,0.09
FINBIN_state,M2_HI_sensitivity,2001;2009;2011;2013;2015;2017;2019,6,1,5.58
FINBIN_state,M2_HI_sensitivity,2001;2009;2011;2013;2015;2017;2019,6,2,468.9
FINBIN_state,M2_HI_sensitivity,2001;2009;2011;2013;2015;2017;2019,6,3,1524.87
FINBIN_state,M2_HI_sensitivity,2001;2009;2011;2013;2015;2017;2019,6,4,3436.74
FINBIN_state,M2_HI_sensitivity,2001;2009;2011;2013;2015;2017;2019,6,5,32209.92
FINBIN_state,M2_HI_sensitivity,2001;2009;2011;2013;2015;2017;2019,6,6,21898.53
FINBIN_state,M2_HI_sensitivity,2001;2009;2011;2013;2015;2017;2019,7,0,0.0
FINBIN_state,M2_HI_sensitivity,2001;2009;2011;2013;2015;2017;2019,7,1,0.18
FINBIN_state,M2_HI_sensitivity,2001;2009;2011;2013;2015;2017;2019,7,2,7.83
FINBIN_state,M2_HI_sensitivity,2001;2009;2011;2013;2015;2017;2019,7,3,378.27
FINBIN_state,M2_HI_sensitivity,2001;2009;2011;2013;2015;2017;2019,7,4,1207.62
FINBIN_state,M2_HI_sensitivity,2001;2009;2011;2013;2015;2017;2019,7,5,3130.1099999999997
FINBIN_state,M2_HI_sensitivity,2001;2009;2011;2013;2015;2017;2019,7,6,34882.74
FINBIN_state,M2_HI_sensitivity,2001;2009;2011;2013;2015;2017;2019,7,7,6324.3
UNL,M1_fixed,2001;2011;2013;2015;2017;2019,1,0,119464.83
UNL,M1_fixed,2001;2011;2013;2015;2017;2019,1,1,88921.08
UNL,M1_fixed,2001;2011;2013;2015;2017;2019,2,0,36342.0
UNL,M1_fixed,2001;2011;2013;2015;2017;2019,2,1,54085.049999999996
UNL,M1_fixed,2001;2011;2013;2015;2017;2019,2,2,27932.219999999998
UNL,M1_fixed,2001;2011;2013;2015;2017;2019,3,0,12742.289999999999
UNL,M1_fixed,2001;2011;2013;2015;2017;2019,3,1,43927.11
UNL,M1_fixed,2001;2011;2013;2015;2017;2019,3,2,27699.66
UNL,M1_fixed,2001;2011;2013;2015;2017;2019,3,3,14100.029999999999
UNL,M1_fixed,2001;2011;2013;2015;2017;2019,4,0,3841.1099999999997
UNL,M1_fixed,2001;2011;2013;2015;2017;2019,4,1,30395.789999999997
UNL,M1_fixed,2001;2011;2013;2015;2017;2019,4,2,31477.5
UNL,M1_fixed,2001;2011;2013;2015;2017;2019,4,3,17703.45
UNL,M1_fixed,2001;2011;2013;2015;2017;2019,4,4,8973.27
UNL,M1_fixed,2001;2011;2013;2015;2017;2019,5,0,534.15
UNL,M1_fixed,2001;2011;2013;2015;2017;2019,5,1,15889.5
UNL,M1_fixed,2001;2011;2013;2015;2017;2019,5,2,38019.78
UNL,M1_fixed,2001;2011;2013;2015;2017;2019,5,3,21921.21
UNL,M1_fixed,2001;2011;2013;2015;2017;2019,5,4,8749.529999999999
UNL,M1_fixed,2001;2011;2013;2015;2017;2019,5,5,4936.05
UNL,M1_fixed,2001;2011;2013;2015;2017;2019,6,0,0.0
UNL,M1_fixed,2001;2011;2013;2015;2017;2019,6,1,4348.62
UNL,M1_fixed,2001;2011;2013;2015;2017;2019,6,2,28370.25
UNL,M1_fixed,2001;2011;2013;2015;2017;2019,6,3,20109.87
UNL,M1_fixed,2001;2011;2013;2015;2017;2019,6,4,4175.46
UNL,M1_fixed,2001;2011;2013;2015;2017;2019,6,5,3306.15
UNL,M1_fixed,2001;2011;2013;2015;2017;2019,6,6,1163.1599999999999
UNL,M2_HI_sensitivity,2001;2011;2013;2015;2017;2019,1,0,112996.53
UNL,M2_HI_sensitivity,2001;2011;2013;2015;2017;2019,1,1,95389.37999999999
UNL,M2_HI_sensitivity,2001;2011;2013;2015;2017;2019,2,0,37879.38
UNL,M2_HI_sensitivity,2001;2011;2013;2015;2017;2019,2,1,49226.31
UNL,M2_HI_sensitivity,2001;2011;2013;2015;2017;2019,2,2,31253.579999999998
UNL,M2_HI_sensitivity,2001;2011;2013;2015;2017;2019,3,0,16927.38
UNL,M2_HI_sensitivity,2001;2011;2013;2015;2017;2019,3,1,37789.56
UNL,M2_HI_sensitivity,2001;2011;2013;2015;2017;2019,3,2,28250.82
UNL,M2_HI_sensitivity,2001;2011;2013;2015;2017;2019,3,3,15501.33
UNL,M2_HI_sensitivity,2001;2011;2013;2015;2017;2019,4,0,6604.469999999999
UNL,M2_HI_sensitivity,2001;2011;2013;2015;2017;2019,4,1,28111.23
UNL,M2_HI_sensitivity,2001;2011;2013;2015;2017;2019,4,2,31032.449999999997
UNL,M2_HI_sensitivity,2001;2011;2013;2015;2017;2019,4,3,15918.119999999999
UNL,M2_HI_sensitivity,2001;2011;2013;2015;2017;2019,4,4,10724.85
UNL,M2_HI_sensitivity,2001;2011;2013;2015;2017;2019,5,0,1490.3999999999999
UNL,M2_HI_sensitivity,2001;2011;2013;2015;2017;2019,5,1,19734.75
UNL,M2_HI_sensitivity,2001;2011;2013;2015;2017;2019,5,2,31143.96
UNL,M2_HI_sensitivity,2001;2011;2013;2015;2017;2019,5,3,24605.91
UNL,M2_HI_sensitivity,2001;2011;2013;2015;2017;2019,5,4,6448.23
UNL,M2_HI_sensitivity,2001;2011;2013;2015;2017;2019,5,5,6626.969999999999
UNL,M2_HI_sensitivity,2001;2011;2013;2015;2017;2019,6,0,10.98
UNL,M2_HI_sensitivity,2001;2011;2013;2015;2017;2019,6,1,10802.16
UNL,M2_HI_sensitivity,2001;2011;2013;2015;2017;2019,6,2,17676.09
UNL,M2_HI_sensitivity,2001;2011;2013;2015;2017;2019,6,3,25017.12
UNL,M2_HI_sensitivity,2001;2011;2013;2015;2017;2019,6,4,3823.6499999999996
UNL,M2_HI_sensitivity,2001;2011;2013;2015;2017;2019,6,5,2241.0
UNL,M2_HI_sensitivity,2001;2011;2013;2015;2017;2019,6,6,1902.51
