year,source,cash_cost_usd_ac,total_cost_usd_ac,operator_share,reported_price_usd_bu,sample_n,geography,account,full_economic_account,source_file,published_cash_usd_bu,cash_rounding_discrepancy,cash_note,operating_cost_usd_ac,land_cost_usd_ac,overhead_usd_ac,nass_price_usd_bu,cpi_u,to_2021_dollars,strict_eligible,match_designation,budget_number,selected_unl_system,mismatch_fields,selection_rationale
2001,UNL,,231.97,1.0,,,Geography not explicitly Eastern Nebraska,UNL total economic cost; cash excludes machinery ownership and real-estate opportunity,True,unl_2001.pdf,,False,Published category sums exceed total by $0.01/acre; field columns sum $31.10 versus published $31.11. Preserve published total. Combined land taxes/interest and machinery charges do not separate cash and opportunity costs.,,,,1.94,177.1,1.5300395256916999,False,Approximate,15.0,"Corn, Dryland, No-Till, After Soybean",tillage: no-till instead of conventional; geography: not specifically Eastern Nebraska,User-authorized priority: dryland corn after soybean; retain original production year; no invented tillage adjustment
2011,UNL,249.15,347.88,1.0,,,State/rainfed,UNL total economic cost; cash excludes machinery ownership and real-estate opportunity,True,unl_2011.pdf,2.12,True,Published interest $8.68 differs from printed cash-base/rate/time multiplication; Lorsban applied total $0.06 differs from printed factors. Preserve published amounts. Published cash/unit excludes overhead; analytical cash includes identifiable overhead and real-estate taxes. Printed material line items sum $187.58 versus published category total $187.62; retain category total and document $0.04 source residual.,,,,6.11,224.939,1.2046377017769263,False,Approximate,11.0,"Corn, No-Till, Bt ECB After Soybean, Rainfed",tillage: no-till instead of conventional; geography: not specifically Eastern Nebraska,User-authorized priority: dryland corn after soybean; retain original production year; no invented tillage adjustment
2013,UNL,323.93,450.19,1.0,,,Dryland (State),UNL total economic cost; cash excludes machinery ownership and real-estate opportunity,True,unl_2013.pdf,2.64,True,Published cash/unit excludes overhead; analytical cash includes identifiable overhead and real-estate taxes.,,,,4.47,232.957,1.16317603677932,False,Approximate,11.0,"Corn, No-Till, Bt ECB After Soybean, Dryland",tillage: no-till instead of conventional; geography: not specifically Eastern Nebraska,User-authorized priority: dryland corn after soybean; retain original production year; no invented tillage adjustment
2015,UNL,300.43,478.01,1.0,,,Dryland (State),UNL total economic cost; cash excludes machinery ownership and real-estate opportunity,True,unl_2015.pdf,2.24,True,Published cash/unit excludes overhead; analytical cash includes identifiable overhead and real-estate taxes.,,,,3.57,237.017,1.143251327963817,False,Approximate,18.0,"Corn, No-Till, Bt ECB After Soybean, Dryland",tillage: no-till instead of conventional; geography: not specifically Eastern Nebraska,User-authorized priority: dryland corn after soybean; retain original production year; no invented tillage adjustment
2017,UNL,367.23,654.49,1.0,,,Eastern Nebraska,UNL total economic cost; cash excludes machinery ownership and real-estate opportunity,True,unl_2017.pdf,2.04,True,Crop insurance has printed rate $24 but applied amount $0.00; preserve $0.00 and do not invent additional costs. Published cash/unit excludes overhead; analytical cash includes identifiable overhead and real-estate taxes.,,,,3.35,245.12,1.1054585509138382,False,Approximate,22.0,"Corn, Eastern Nebraska No-Till, Bt & ECB, after Soybeans, Dryland",tillage: no-till instead of conventional,User-authorized priority: dryland corn after soybean; retain original production year; no invented tillage adjustment
2019,UNL,363.18,565.52,1.0,,,Eastern Nebraska,UNL total economic cost; cash excludes machinery ownership and real-estate opportunity,True,unl_2019.pdf,2.14,True,Line-item-derived cash cost; printed 2019 cash-per-bushel does not reconcile,,,,3.52,255.657,1.059896658413421,True,Exact,18.0,"2019 Budget 18 Corn, Eastern Nebraska, Conventional Tillage, in Corn/Soybean Rotation, Dryland",,Exact selected production system
2021,UNL,345.69,572.18,1.0,,,Eastern Nebraska,UNL total economic cost; cash excludes machinery ownership and real-estate opportunity,True,unl_2021.pdf,2.03,False,Cash-per-bushel agrees within rounding,,,,5.96,270.97,1.0,True,Exact,18.0,"2021 Budget 18 Corn, Eastern Nebraska, Conventional Tillage, in Corn/Soybean Rotation, Dryland",,Exact selected production system
2001,ERS_Heartland,,344.93,1.0,1.8,,ERS Heartland region; all production practices,Sector economic costs per planted acre; operating costs are not cash costs,True,ers_corn.csv,,,Unavailable: operating category excludes several cash overhead expenses,156.82,96.9,188.11,1.94,177.1,1.5300395256916999,False,Approximate,15.0,"Corn, Dryland, No-Till, After Soybean",tillage: no-till instead of conventional; geography: not specifically Eastern Nebraska,User-authorized priority: dryland corn after soybean; retain original production year; no invented tillage adjustment
2009,ERS_Heartland,,560.79,1.0,3.61,,ERS Heartland region; all production practices,Sector economic costs per planted acre; operating costs are not cash costs,True,ers_corn.csv,,,Unavailable: operating category excludes several cash overhead expenses,295.77,142.36,265.02,3.58,214.537,1.2630455352689747,False,Approximate,13.0,"Corn, Rainfed, No-Till, Bt ECB After Soybean",tillage: no-till instead of conventional; geography: not specifically Eastern Nebraska,User-authorized priority: dryland corn after soybean; retain original production year; no invented tillage adjustment
2011,ERS_Heartland,,637.9,1.0,5.7,,ERS Heartland region; all production practices,Sector economic costs per planted acre; operating costs are not cash costs,True,ers_corn.csv,,,Unavailable: operating category excludes several cash overhead expenses,338.82,163.77,299.08,6.11,224.939,1.2046377017769263,False,Approximate,11.0,"Corn, No-Till, Bt ECB After Soybean, Rainfed",tillage: no-till instead of conventional; geography: not specifically Eastern Nebraska,User-authorized priority: dryland corn after soybean; retain original production year; no invented tillage adjustment
2013,ERS_Heartland,,708.86,1.0,4.59,,ERS Heartland region; all production practices,Sector economic costs per planted acre; operating costs are not cash costs,True,ers_corn.csv,,,Unavailable: operating category excludes several cash overhead expenses,363.53,200.65,345.33,4.47,232.957,1.16317603677932,False,Approximate,11.0,"Corn, No-Till, Bt ECB After Soybean, Dryland",tillage: no-till instead of conventional; geography: not specifically Eastern Nebraska,User-authorized priority: dryland corn after soybean; retain original production year; no invented tillage adjustment
2015,ERS_Heartland,,708.4,1.0,3.64,,ERS Heartland region; all production practices,Sector economic costs per planted acre; operating costs are not cash costs,True,ers_corn.csv,,,Unavailable: operating category excludes several cash overhead expenses,342.21,212.46,366.19,3.57,237.017,1.143251327963817,False,Approximate,18.0,"Corn, No-Till, Bt ECB After Soybean, Dryland",tillage: no-till instead of conventional; geography: not specifically Eastern Nebraska,User-authorized priority: dryland corn after soybean; retain original production year; no invented tillage adjustment
2017,ERS_Heartland,,698.83,1.0,3.23,,ERS Heartland region; all production practices,Sector economic costs per planted acre; operating costs are not cash costs,True,ers_corn.csv,,,Unavailable: operating category excludes several cash overhead expenses,332.35,190.98,366.48,3.35,245.12,1.1054585509138382,False,Approximate,22.0,"Corn, Eastern Nebraska No-Till, Bt & ECB, after Soybeans, Dryland",tillage: no-till instead of conventional,User-authorized priority: dryland corn after soybean; retain original production year; no invented tillage adjustment
2019,ERS_Heartland,,724.79,1.0,3.8,,ERS Heartland region; all production practices,Sector economic costs per planted acre; operating costs are not cash costs,True,ers_corn.csv,,,Unavailable: operating category excludes several cash overhead expenses,345.0,193.03,379.79,3.52,255.657,1.059896658413421,True,Exact,18.0,"2019 Budget 18 Corn, Eastern Nebraska, Conventional Tillage, in Corn/Soybean Rotation, Dryland",,Exact selected production system
2021,ERS_Heartland,,783.59,1.0,5.02,,ERS Heartland region; all production practices,Sector economic costs per planted acre; operating costs are not cash costs,True,ers_corn.csv,,,Unavailable: operating category excludes several cash overhead expenses,366.08,198.86,417.51,5.96,270.97,1.0,True,Exact,18.0,"2021 Budget 18 Corn, Eastern Nebraska, Conventional Tillage, in Corn/Soybean Rotation, Dryland",,Exact selected production system
2001,FINBIN_county,178.10999999999999,211.16,0.8138,1.89,6.0,"Gage, Johnson, Lancaster, Pawnee participating farms",Operator direct + overhead + labor/management; owned-land and equity opportunity costs not established,False,finbin_county_1008338.csv,,,Direct plus overhead minus depreciation; conditional accounting cash margin; not whole-farm cash income,,,,1.94,177.1,1.5300395256916999,False,Approximate,15.0,"Corn, Dryland, No-Till, After Soybean",tillage: no-till instead of conventional; geography: not specifically Eastern Nebraska,User-authorized priority: dryland corn after soybean; retain original production year; no invented tillage adjustment
2009,FINBIN_county,299.96,378.46,0.8094,3.77,6.0,"Gage, Johnson, Lancaster, Pawnee participating farms",Operator direct + overhead + labor/management; owned-land and equity opportunity costs not established,False,finbin_county_1008338.csv,,,Direct plus overhead minus depreciation; conditional accounting cash margin; not whole-farm cash income,,,,3.58,214.537,1.2630455352689747,False,Approximate,13.0,"Corn, Rainfed, No-Till, Bt ECB After Soybean",tillage: no-till instead of conventional; geography: not specifically Eastern Nebraska,User-authorized priority: dryland corn after soybean; retain original production year; no invented tillage adjustment
2011,FINBIN_county,355.13,425.84999999999997,0.835,6.19,8.0,"Gage, Johnson, Lancaster, Pawnee participating farms",Operator direct + overhead + labor/management; owned-land and equity opportunity costs not established,False,finbin_county_1008338.csv,,,Direct plus overhead minus depreciation; conditional accounting cash margin; not whole-farm cash income,,,,6.11,224.939,1.2046377017769263,False,Approximate,11.0,"Corn, No-Till, Bt ECB After Soybean, Rainfed",tillage: no-till instead of conventional; geography: not specifically Eastern Nebraska,User-authorized priority: dryland corn after soybean; retain original production year; no invented tillage adjustment
2013,FINBIN_county,434.26,516.24,0.8747,4.65,5.0,"Gage, Johnson, Lancaster, Pawnee participating farms",Operator direct + overhead + labor/management; owned-land and equity opportunity costs not established,False,finbin_county_1008338.csv,,,Direct plus overhead minus depreciation; conditional accounting cash margin; not whole-farm cash income,,,,4.47,232.957,1.16317603677932,False,Approximate,11.0,"Corn, No-Till, Bt ECB After Soybean, Dryland",tillage: no-till instead of conventional; geography: not specifically Eastern Nebraska,User-authorized priority: dryland corn after soybean; retain original production year; no invented tillage adjustment
2015,FINBIN_county,428.15,504.01,0.9087999999999999,3.24,5.0,"Gage, Johnson, Lancaster, Pawnee participating farms",Operator direct + overhead + labor/management; owned-land and equity opportunity costs not established,False,finbin_county_1008338.csv,,,Direct plus overhead minus depreciation; conditional accounting cash margin; not whole-farm cash income,,,,3.57,237.017,1.143251327963817,False,Approximate,18.0,"Corn, No-Till, Bt ECB After Soybean, Dryland",tillage: no-till instead of conventional; geography: not specifically Eastern Nebraska,User-authorized priority: dryland corn after soybean; retain original production year; no invented tillage adjustment
2019,FINBIN_county,470.64,551.5,0.9326000000000001,3.6,5.0,"Gage, Johnson, Lancaster, Pawnee participating farms",Operator direct + overhead + labor/management; owned-land and equity opportunity costs not established,False,finbin_county_1008338.csv,,,Direct plus overhead minus depreciation; conditional accounting cash margin; not whole-farm cash income,,,,3.52,255.657,1.059896658413421,True,Exact,18.0,"2019 Budget 18 Corn, Eastern Nebraska, Conventional Tillage, in Corn/Soybean Rotation, Dryland",,Exact selected production system
2001,FINBIN_state,188.31,231.13,0.787,1.9,60.0,Nebraska statewide participating farms,Operator direct + overhead + labor/management; owned-land and equity opportunity costs not established,False,finbin_state_1008210.csv,,,Direct plus overhead minus depreciation; conditional accounting cash margin; not whole-farm cash income,,,,1.94,177.1,1.5300395256916999,False,Approximate,15.0,"Corn, Dryland, No-Till, After Soybean",tillage: no-till instead of conventional; geography: not specifically Eastern Nebraska,User-authorized priority: dryland corn after soybean; retain original production year; no invented tillage adjustment
2009,FINBIN_state,343.45,422.2,0.8337,3.7,60.0,Nebraska statewide participating farms,Operator direct + overhead + labor/management; owned-land and equity opportunity costs not established,False,finbin_state_1008210.csv,,,Direct plus overhead minus depreciation; conditional accounting cash margin; not whole-farm cash income,,,,3.58,214.537,1.2630455352689747,False,Approximate,13.0,"Corn, Rainfed, No-Till, Bt ECB After Soybean",tillage: no-till instead of conventional; geography: not specifically Eastern Nebraska,User-authorized priority: dryland corn after soybean; retain original production year; no invented tillage adjustment
2011,FINBIN_state,389.13,468.05,0.8181999999999999,6.04,64.0,Nebraska statewide participating farms,Operator direct + overhead + labor/management; owned-land and equity opportunity costs not established,False,finbin_state_1008210.csv,,,Direct plus overhead minus depreciation; conditional accounting cash margin; not whole-farm cash income,,,,6.11,224.939,1.2046377017769263,False,Approximate,11.0,"Corn, No-Till, Bt ECB After Soybean, Rainfed",tillage: no-till instead of conventional; geography: not specifically Eastern Nebraska,User-authorized priority: dryland corn after soybean; retain original production year; no invented tillage adjustment
2013,FINBIN_state,484.46999999999997,587.5799999999999,0.8459,4.34,58.0,Nebraska statewide participating farms,Operator direct + overhead + labor/management; owned-land and equity opportunity costs not established,False,finbin_state_1008210.csv,,,Direct plus overhead minus depreciation; conditional accounting cash margin; not whole-farm cash income,,,,4.47,232.957,1.16317603677932,False,Approximate,11.0,"Corn, No-Till, Bt ECB After Soybean, Dryland",tillage: no-till instead of conventional; geography: not specifically Eastern Nebraska,User-authorized priority: dryland corn after soybean; retain original production year; no invented tillage adjustment
2015,FINBIN_state,495.65,591.6899999999999,0.8698,3.43,52.0,Nebraska statewide participating farms,Operator direct + overhead + labor/management; owned-land and equity opportunity costs not established,False,finbin_state_1008210.csv,,,Direct plus overhead minus depreciation; conditional accounting cash margin; not whole-farm cash income,,,,3.57,237.017,1.143251327963817,False,Approximate,18.0,"Corn, No-Till, Bt ECB After Soybean, Dryland",tillage: no-till instead of conventional; geography: not specifically Eastern Nebraska,User-authorized priority: dryland corn after soybean; retain original production year; no invented tillage adjustment
2017,FINBIN_state,501.36,603.89,0.8896,3.24,54.0,Nebraska statewide participating farms,Operator direct + overhead + labor/management; owned-land and equity opportunity costs not established,False,finbin_state_1008210.csv,,,Direct plus overhead minus depreciation; conditional accounting cash margin; not whole-farm cash income,,,,3.35,245.12,1.1054585509138382,False,Approximate,22.0,"Corn, Eastern Nebraska No-Till, Bt & ECB, after Soybeans, Dryland",tillage: no-till instead of conventional,User-authorized priority: dryland corn after soybean; retain original production year; no invented tillage adjustment
2019,FINBIN_state,550.1999999999999,652.8599999999999,0.9115000000000001,3.68,63.0,Nebraska statewide participating farms,Operator direct + overhead + labor/management; owned-land and equity opportunity costs not established,False,finbin_state_1008210.csv,,,Direct plus overhead minus depreciation; conditional accounting cash margin; not whole-farm cash income,,,,3.52,255.657,1.059896658413421,True,Exact,18.0,"2019 Budget 18 Corn, Eastern Nebraska, Conventional Tillage, in Corn/Soybean Rotation, Dryland",,Exact selected production system
2021,FINBIN_state,613.5999999999999,716.06,0.9081999999999999,5.43,52.0,Nebraska statewide participating farms,Operator direct + overhead + labor/management; owned-land and equity opportunity costs not established,False,finbin_state_1008210.csv,,,Direct plus overhead minus depreciation; conditional accounting cash margin; not whole-farm cash income,,,,5.96,270.97,1.0,True,Exact,18.0,"2021 Budget 18 Corn, Eastern Nebraska, Conventional Tillage, in Corn/Soybean Rotation, Dryland",,Exact selected production system
