year,source_url,sha256,budget_number,pdf_page,printed_page,actual_system,geography,match_designation,strict_eligible,calculation_eligible,selection_rationale,mismatch_fields
2001,https://digitalcommons.unl.edu/cgi/viewcontent.cgi?article=3035&context=extensionhist,498daecae9221687f51958187452e1ff908f5894ec222b2b12445b5921949b4b,15.0,29.0,15.0,"Corn, Dryland, No-Till, After Soybean",Geography not explicitly Eastern Nebraska,Approximate,False,True,User-authorized priority: dryland corn after soybean; retain original production year; no invented tillage adjustment,tillage: no-till instead of conventional; geography: not specifically Eastern Nebraska
2003,,,,,,,,Unavailable,False,False,,
2005,,,,,,,,Unavailable,False,False,,
2007,,,,,,,,Unavailable,False,False,,
2009,https://cap.unl.edu/sites/unl.edu.ianr.agecon.center-for-ag-profitability/files/media/file/Crop-Budgets-ec09-872.pdf,1c8b75dbfd4a0d4279a8cc5c063c8bad553b4b0ea3753ceeebe1df76d8532e80,13.0,19.0,17.0,"Corn, Rainfed, No-Till, Bt ECB After Soybean",State/rainfed,Approximate,False,True,User-authorized priority: dryland corn after soybean; retain original production year; no invented tillage adjustment,tillage: no-till instead of conventional; geography: not specifically Eastern Nebraska
2011,https://cap.unl.edu/sites/unl.edu.ianr.agecon.center-for-ag-profitability/files/media/file/Crop-Budgets-EC11-872.pdf,b8a2152dcc047ac3b2274d4353517f6ffb1f543bc5c93068b79cb9548e255ac9,11.0,19.0,19.0,"Corn, No-Till, Bt ECB After Soybean, Rainfed",State/rainfed,Approximate,False,True,User-authorized priority: dryland corn after soybean; retain original production year; no invented tillage adjustment,tillage: no-till instead of conventional; geography: not specifically Eastern Nebraska
2013,https://digitalcommons.unl.edu/cgi/viewcontent.cgi?article=5325&context=extensionhist,ffed1c52df62b67f7248ac74401b9ea85fd39ad4ec2730c1277998734f856994,11.0,20.0,19.0,"Corn, No-Till, Bt ECB After Soybean, Dryland",Dryland (State),Approximate,False,True,User-authorized priority: dryland corn after soybean; retain original production year; no invented tillage adjustment,tillage: no-till instead of conventional; geography: not specifically Eastern Nebraska
2015,https://cap.unl.edu/sites/unl.edu.ianr.agecon.center-for-ag-profitability/files/media/file/2015-Crop-Budget-EC872.pdf,f1b374b5075e3e9ed08b42576466fef8fbd5afccebf45fd4e5a0b9c4f0c67445,18.0,27.0,26.0,"Corn, No-Till, Bt ECB After Soybean, Dryland",Dryland (State),Approximate,False,True,User-authorized priority: dryland corn after soybean; retain original production year; no invented tillage adjustment,tillage: no-till instead of conventional; geography: not specifically Eastern Nebraska
2017,https://cap.unl.edu/sites/unl.edu.ianr.agecon.center-for-ag-profitability/files/media/file/2017-crop-budgets.pdf,8543fc37829cd7e5dd1d2f903578dad96ffc6831c17d2f61e0715e790d86d395,22.0,74.0,33.0,"Corn, Eastern Nebraska No-Till, Bt & ECB, after Soybeans, Dryland",Eastern Nebraska,Approximate,False,True,User-authorized priority: dryland corn after soybean; retain original production year; no invented tillage adjustment,tillage: no-till instead of conventional
2019,https://cap.unl.edu/sites/unl.edu.ianr.agecon.center-for-ag-profitability/files/media/file/2019-nebraska-crop-budgets%20%281%29.pdf,6a0693e0c7f8c0f6bcee620595b45fa1214e342147fbd0de40df2e60eab5dd09,18.0,36.0,30.0,"2019 Budget 18 Corn, Eastern Nebraska, Conventional Tillage, in Corn/Soybean Rotation, Dryland",Eastern Nebraska,Exact,True,True,Exact selected production system,
2021,https://cap.unl.edu/sites/unl.edu.ianr.agecon.center-for-ag-profitability/files/media/file/2021-all-nebraska-crop-budgets-updated-021521%20%282%29.pdf,6f8182a9f7cb98b806308a3c378d4e7c9a2ed78b974aad95f93bf9ea87b0e6b4,18.0,30.0,30.0,"2021 Budget 18 Corn, Eastern Nebraska, Conventional Tillage, in Corn/Soybean Rotation, Dryland",Eastern Nebraska,Exact,True,True,Exact selected production system,
