year,eligible,status,original_recovered,source_url,file,sha256,publication_year,publication_title,review_date,review_method,strict_system_match,review_note,budget_number,pdf_page,printed_page,title,assumed_yield_bu_ac,crop,water,tillage,rotation,geography,repository_record_id,repository_online_date,landing_url,strict_eligible,calculation_eligible,match_designation,selection_rationale,mismatch_fields,actual_system,policy,unl_full_return_available
2001,True,verified_approximate_original,True,https://digitalcommons.unl.edu/cgi/viewcontent.cgi?article=3035&context=extensionhist,unl_2001.pdf,498daecae9221687f51958187452e1ff908f5894ec222b2b12445b5921949b4b,2001.0,Nebraska Crop Budgets 2001,2026-09-29,Original PDF text and rendered-page visual inspection,False,All dryland corn budgets reviewed. Conventional corn is continuous; corn after soybean is no-till. No selected-system match.,15.0,29.0,15.0,"Corn, Dryland, No-Till, After Soybean",95.0,,,No-till,Corn after soybean,Geography not explicitly Eastern Nebraska,2024,2012-01-13,https://digitalcommons.unl.edu/extensionhist/2024/,False,True,Approximate,User-authorized priority: dryland corn after soybean; retain original production year; no invented tillage adjustment,tillage: no-till instead of conventional; geography: not specifically Eastern Nebraska,"Corn, Dryland, No-Till, After Soybean",closest_rotation,True
2003,False,matching_original_not_recovered,False,,,,,,2026-09-29,Archive indexes and targeted publication searches,False,EC03-872-S is cited on Robert Klein's UNL biography; original PDF not recovered. Bibliographic evidence does not enable calculations.,,,,,,,,,,,,,,False,False,Unavailable,,,,closest_rotation,
2005,False,matching_original_not_recovered,False,,,,,,2026-09-29,Archive indexes and targeted publication searches,False,Original exact-year EC872 PDF not recovered. Search hits for adjacent-year editions or EC05-838 alternative crops are ineligible; existence is not ruled out.,,,,,,,,,,,,,,False,False,Unavailable,,,,closest_rotation,
2007,False,matching_original_not_recovered,False,,,,,,2026-09-29,Archive indexes and targeted publication searches,False,Original exact-year EC872 PDF not recovered. Search hits for adjacent-year editions or EC05-838 alternative crops are ineligible; existence is not ruled out.,,,,,,,,,,,,,,False,False,Unavailable,,,,closest_rotation,
2009,True,verified_approximate_original,True,https://cap.unl.edu/sites/unl.edu.ianr.agecon.center-for-ag-profitability/files/media/file/Crop-Budgets-ec09-872.pdf,unl_2009.pdf,1c8b75dbfd4a0d4279a8cc5c063c8bad553b4b0ea3753ceeebe1df76d8532e80,2009.0,Nebraska Crop Budgets 2009,2026-09-29,Original PDF text and rendered-page visual inspection,False,All dryland corn budgets reviewed. Conventional corn is continuous; corn after soybean is no-till. No selected-system match.,13.0,19.0,17.0,"Corn, Rainfed, No-Till, Bt ECB After Soybean",110.0,,,No-till,Corn after soybean,State/rainfed,,,,False,True,Approximate,User-authorized priority: dryland corn after soybean; retain original production year; no invented tillage adjustment,tillage: no-till instead of conventional; geography: not specifically Eastern Nebraska,"Corn, Rainfed, No-Till, Bt ECB After Soybean",closest_rotation,False
2011,True,verified_approximate_original,True,https://cap.unl.edu/sites/unl.edu.ianr.agecon.center-for-ag-profitability/files/media/file/Crop-Budgets-EC11-872.pdf,unl_2011.pdf,b8a2152dcc047ac3b2274d4353517f6ffb1f543bc5c93068b79cb9548e255ac9,2011.0,Nebraska Crop Budgets 2011,2026-09-29,Original PDF text and rendered-page visual inspection,False,All dryland corn budgets reviewed. Conventional corn is continuous; corn after soybean is no-till. No selected-system match.,11.0,19.0,19.0,"Corn, No-Till, Bt ECB After Soybean, Rainfed",115.0,,,No-till,Corn after soybean,State/rainfed,,,,False,True,Approximate,User-authorized priority: dryland corn after soybean; retain original production year; no invented tillage adjustment,tillage: no-till instead of conventional; geography: not specifically Eastern Nebraska,"Corn, No-Till, Bt ECB After Soybean, Rainfed",closest_rotation,True
2013,True,verified_approximate_original,True,https://digitalcommons.unl.edu/cgi/viewcontent.cgi?article=5325&context=extensionhist,unl_2013.pdf,ffed1c52df62b67f7248ac74401b9ea85fd39ad4ec2730c1277998734f856994,2013.0,Nebraska Crop Budgets 2013,2026-09-29,Original PDF text and rendered-page visual inspection,False,All dryland corn budgets reviewed. Conventional corn is continuous; corn after soybean is no-till. No selected-system match.,11.0,20.0,19.0,"Corn, No-Till, Bt ECB After Soybean, Dryland",115.0,,,No-till,Corn after soybean,Dryland (State),,,,False,True,Approximate,User-authorized priority: dryland corn after soybean; retain original production year; no invented tillage adjustment,tillage: no-till instead of conventional; geography: not specifically Eastern Nebraska,"Corn, No-Till, Bt ECB After Soybean, Dryland",closest_rotation,True
2015,True,verified_approximate_original,True,https://cap.unl.edu/sites/unl.edu.ianr.agecon.center-for-ag-profitability/files/media/file/2015-Crop-Budget-EC872.pdf,unl_2015.pdf,f1b374b5075e3e9ed08b42576466fef8fbd5afccebf45fd4e5a0b9c4f0c67445,2015.0,Nebraska Crop Budgets 2015,2026-09-29,Original PDF text and rendered-page visual inspection,False,All dryland corn budgets reviewed. Conventional corn is continuous; corn after soybean is no-till. No selected-system match.,18.0,27.0,26.0,"Corn, No-Till, Bt ECB After Soybean, Dryland",125.0,,,No-till,Corn after soybean,Dryland (State),,,,False,True,Approximate,User-authorized priority: dryland corn after soybean; retain original production year; no invented tillage adjustment,tillage: no-till instead of conventional; geography: not specifically Eastern Nebraska,"Corn, No-Till, Bt ECB After Soybean, Dryland",closest_rotation,True
2017,True,verified_approximate_original,True,https://cap.unl.edu/sites/unl.edu.ianr.agecon.center-for-ag-profitability/files/media/file/2017-crop-budgets.pdf,unl_2017.pdf,8543fc37829cd7e5dd1d2f903578dad96ffc6831c17d2f61e0715e790d86d395,2017.0,Nebraska Crop Budgets 2017,2026-09-29,Original PDF text and rendered-page visual inspection,False,All dryland corn budgets reviewed. Conventional corn is continuous; corn after soybean is no-till. No selected-system match.,22.0,74.0,33.0,"Corn, Eastern Nebraska No-Till, Bt & ECB, after Soybeans, Dryland",170.0,,,No-till,Corn after soybean,Eastern Nebraska,,,,False,True,Approximate,User-authorized priority: dryland corn after soybean; retain original production year; no invented tillage adjustment,tillage: no-till instead of conventional,"Corn, Eastern Nebraska No-Till, Bt & ECB, after Soybeans, Dryland",closest_rotation,True
2019,True,verified_exact_original,True,https://cap.unl.edu/sites/unl.edu.ianr.agecon.center-for-ag-profitability/files/media/file/2019-nebraska-crop-budgets%20%281%29.pdf,unl_2019.pdf,6a0693e0c7f8c0f6bcee620595b45fa1214e342147fbd0de40df2e60eab5dd09,2019.0,Nebraska Crop Budgets 2019,2026-09-29,Original PDF text and rendered-page visual inspection,True,Verified original Eastern Nebraska dryland conventional-tillage corn after soybean.,18.0,36.0,30.0,"2019 Budget 18 Corn, Eastern Nebraska, Conventional Tillage, in Corn/Soybean Rotation, Dryland",160.0,corn,dryland,conventional,corn-soybean,Eastern Nebraska,,,,True,True,Exact,Exact selected production system,,"2019 Budget 18 Corn, Eastern Nebraska, Conventional Tillage, in Corn/Soybean Rotation, Dryland",closest_rotation,True
2021,True,verified_exact_original,True,https://cap.unl.edu/sites/unl.edu.ianr.agecon.center-for-ag-profitability/files/media/file/2021-all-nebraska-crop-budgets-updated-021521%20%282%29.pdf,unl_2021.pdf,6f8182a9f7cb98b806308a3c378d4e7c9a2ed78b974aad95f93bf9ea87b0e6b4,2021.0,Nebraska Crop Budgets 2021,2026-09-29,Original PDF text and rendered-page visual inspection,True,Verified original Eastern Nebraska dryland conventional-tillage corn after soybean.,18.0,30.0,30.0,"2021 Budget 18 Corn, Eastern Nebraska, Conventional Tillage, in Corn/Soybean Rotation, Dryland",170.0,corn,dryland,conventional,corn-soybean,Eastern Nebraska,,,,True,True,Exact,Exact selected production system,,"2021 Budget 18 Corn, Eastern Nebraska, Conventional Tillage, in Corn/Soybean Rotation, Dryland",closest_rotation,True
