year,scenario,experimental,n,mean,sd,min,max,p05,p25,median,p75,p95,cutoff_Mg_ha,crop_ha,aoi_boundary_crop_ha,valid_ha,missing_ha,quartile_ha,quartile_percent,nccpi_valid_ha
2001,M1_fixed,False,3525196,7.742699237581749,1.4009239330760983,1.4625896215438843,11.932127952575684,3.7459437251091003,7.611388444900513,8.070000648498535,8.445443153381348,9.167905807495117,7.611388444900513,326203.74,3.8699999999999997,317267.64,8936.1,79316.91,25.0,317071.98
2001,M2_HI_sensitivity,False,3525196,7.742699237581749,1.4009239330760983,1.4625896215438843,11.932127952575684,3.7459437251091003,7.611388444900513,8.070000648498535,8.445443153381348,9.167905807495117,7.611388444900513,326203.74,3.8699999999999997,317267.64,8936.1,79316.91,25.0,317071.98
2003,M1_fixed,False,3134047,7.300803536878094,1.327089673617896,1.122223138809204,11.649285316467285,3.677274298667908,7.036578178405762,7.5398173332214355,8.027012825012207,8.834748268127441,7.036578178405762,289853.73,3.15,282064.23,7789.5,70516.26,25.000071792158828,281917.08
2003,M2_HI_sensitivity,False,3134047,7.300803536878094,1.327089673617896,1.122223138809204,11.649285316467285,3.677274298667908,7.036578178405762,7.5398173332214355,8.027012825012207,8.834748268127441,7.036578178405762,289853.73,3.15,282064.23,7789.5,70516.26,25.000071792158828,281917.08
2005,M1_fixed,False,3413786,7.670830107645355,1.4661298184004012,1.0823920965194702,13.059136390686035,3.6792479157447815,7.546361565589905,7.998739957809448,8.40156078338623,9.217741012573242,7.546361565589905,316100.7,8.91,307240.74,8859.96,76810.23,25.00001464649512,307034.64
2005,M2_HI_sensitivity,False,3413786,6.644603227474943,1.2699865317146,0.9375864267349243,11.31204605102539,3.1870270371437073,6.536786317825317,6.928644418716431,7.2775750160217285,7.98456335067749,6.536786317825317,316100.7,8.91,307240.74,8859.96,76810.23,25.00001464649512,307034.64
2007,M1_fixed,False,3470152,8.395028154853934,1.61862227538498,1.619521141052246,13.848673820495605,4.0403900146484375,8.251138687133789,8.71271562576294,9.18197751045227,10.20113682746887,8.251138687133789,321235.47,7.02,312313.68,8921.789999999999,78078.59999999999,25.00005763436299,312066.72
2007,M2_HI_sensitivity,False,3470152,7.8266458805422445,1.5090340535720992,1.5098720788955688,12.911054611206055,3.766836905479431,7.692498683929443,8.122824668884277,8.560315132141113,9.510472536087034,7.692498683929443,321235.47,7.02,312313.68,8921.789999999999,78078.59999999999,25.00005763436299,312066.72
2009,M1_fixed,False,2857291,9.163539866338416,1.7558944398217151,0.49164673686027527,14.513936042785645,4.352019309997559,8.97908878326416,9.602717399597168,10.061958312988281,10.931979179382324,8.97908878326416,265079.88,2.61,257156.19,7923.69,64289.159999999996,25.00004374773168,256965.93
2009,M2_HI_sensitivity,False,2857291,9.163539866338416,1.7558944398217151,0.49164673686027527,14.513936042785645,4.352019309997559,8.97908878326416,9.602717399597168,10.061958312988281,10.931979179382324,8.97908878326416,265079.88,2.61,257156.19,7923.69,64289.159999999996,25.00004374773168,256965.93
2011,M1_fixed,False,3739411,4.649890030604128,1.263368478151877,0.0,9.561383247375488,1.7729651927947998,4.4510252475738525,4.92219352722168,5.329243183135986,6.217602729797363,4.4510252475738525,346792.76999999996,5.49,336546.99,10245.779999999999,84136.77,25.00000668554486,336281.39999999997
2011,M2_HI_sensitivity,False,3739411,4.585771792018764,1.2459476442317292,0.0,9.429539680480957,1.748517394065857,4.389649152755737,4.854320526123047,5.255757093429565,6.131866931915283,4.389649152755737,346792.76999999996,5.49,336546.99,10245.779999999999,84136.77,25.00000668554486,336281.39999999997
2013,M1_fixed,False,3351121,5.118982722519891,1.3824305059292572,0.0,9.796733856201172,1.994766354560852,5.01600980758667,5.487758159637451,5.87801456451416,6.672763347625732,5.01600980758667,310377.06,3.8699999999999997,301600.89,8776.17,75400.29,25.000022380570563,301372.29
2013,M2_HI_sensitivity,False,3351121,5.703103785261067,1.5401780156020606,0.0,10.914627075195312,2.2223868370056152,5.588380813598633,6.113959789276123,6.548748016357422,7.434184551239014,5.588380813598633,310377.06,3.8699999999999997,301600.89,8776.17,75400.29,25.000022380570563,301372.29
2015,M1_fixed,False,3408408,8.884062787195221,2.106641549255999,1.158868432044983,14.235503196716309,3.8818643927574157,8.926181077957153,9.527812480926514,10.012952089309692,10.957081747055053,8.926181077957153,315754.74,7.47,306756.72,8998.02,76689.18,25.0,306522.0
2015,M2_HI_sensitivity,False,3408408,9.989720793542983,2.3688217193970194,1.3030943870544434,16.007169723510742,4.364978313446045,10.037081003189087,10.713588237762451,11.25910496711731,12.320735549926757,10.037081003189087,315754.74,7.47,306756.72,8998.02,76689.18,25.0,306522.0
2017,M1_fixed,False,3489266,8.23184772948048,2.0814616066709135,0.9720077514648438,12.80916690826416,3.66741281747818,8.153589725494385,9.028985023498535,9.485933780670166,10.140743255615234,8.153589725494385,323178.20999999996,3.5999999999999996,314033.94,9144.27,78508.53,25.000014329661308,313820.19
2017,M2_HI_sensitivity,False,3489266,8.763193024361493,2.2158147759124667,1.0347484350204468,13.635967254638672,3.904135048389435,8.6798837184906,9.611783981323242,10.09822702407837,10.795302391052246,8.6798837184906,323178.20999999996,3.5999999999999996,314033.94,9144.27,78508.53,25.000014329661308,313820.19
2019,M1_fixed,False,3921802,10.07201908524825,1.3652993430897815,0.9876227378845215,15.186407089233398,8.724512243270874,9.829856395721436,10.210228443145752,10.632291793823242,11.587911558151244,9.829856395721436,353360.33999999997,3.06,352962.18,398.15999999999997,88240.59,25.00001274924129,352802.97
2019,M2_HI_sensitivity,False,3921802,9.706245191734961,1.3157173426855229,0.9517563581466675,14.634900093078613,8.407673978805542,9.472877025604248,9.83943510055542,10.246171236038208,11.167086601257324,9.472877025604248,353360.33999999997,3.06,352962.18,398.15999999999997,88240.59,25.00001274924129,352802.97
2021,M1_fixed,True,1953011,11.54281753672208,0.769821133114497,4.195623397827148,16.440635681152344,10.345548152923584,11.095331192016602,11.514275550842285,11.936913013458252,12.89518117904663,11.095331192016602,187807.41,0.0,175770.99,12036.42,43942.77,25.000012800747157,175713.21
2021,M2_HI_sensitivity,True,1953011,11.54281753672208,0.769821133114497,4.195623397827148,16.440635681152344,10.345548152923584,11.095331192016602,11.514275550842285,11.936913013458252,12.89518117904663,11.095331192016602,187807.41,0.0,175770.99,12036.42,43942.77,25.000012800747157,175713.21
