year,scenario,path,sha256,mask,mask_sha256,patch_index,index_sha256,units,experimental
2001,M1_fixed,CH2V6_yield_outputs/csp3_dryland_corn_yield_2001_M1_fixed.tif,b27e4a5d2b3069089691109a9ba35c7f7e42d27d7f26bfff529a798ad6de9dd6,non_irrigated_corn/clean/non_irrigated_corn_mlrane_2001_clean.tif,55e8e3011ecaafb7f58618b7e57f9836446c6fe99c2023a19dbcce361ee27002,fields/5469d89b3ee271530885/csp3_field_index_2001.tif,30550e5b8e2985ed3078c9ea4d6ffa23e3dc6fb102d1fdafc84509b29c6ee680,Mg/ha at 15.5% grain moisture,False
2001,M2_HI_sensitivity,CH2V6_yield_outputs/csp3_dryland_corn_yield_2001_M2_HI_sensitivity.tif,8ccf194510b578e625a1acfc6a40828180a5a5da5af62497aa23b4345ab2983f,non_irrigated_corn/clean/non_irrigated_corn_mlrane_2001_clean.tif,55e8e3011ecaafb7f58618b7e57f9836446c6fe99c2023a19dbcce361ee27002,fields/5469d89b3ee271530885/csp3_field_index_2001.tif,30550e5b8e2985ed3078c9ea4d6ffa23e3dc6fb102d1fdafc84509b29c6ee680,Mg/ha at 15.5% grain moisture,False
2003,M1_fixed,CH2V6_yield_outputs/csp3_dryland_corn_yield_2003_M1_fixed.tif,0d09e930f200527a75db210ebe69f1828f781701c43b2369372f015e958c14b6,non_irrigated_corn/clean/non_irrigated_corn_mlrane_2003_clean.tif,69348493c5418faaa100fbc488da239e93b0fd40377d0ff8c051ce19f4925ba9,fields/5469d89b3ee271530885/csp3_field_index_2003.tif,ca9d131cb72ef915098bc51b28a7f5665d5dfebeaef4bea516dfdb890c04913a,Mg/ha at 15.5% grain moisture,False
2003,M2_HI_sensitivity,CH2V6_yield_outputs/csp3_dryland_corn_yield_2003_M2_HI_sensitivity.tif,b816ea5ba331376ca537a1ab5d9f929f6953cbc2546c085681a144b8c63d09e4,non_irrigated_corn/clean/non_irrigated_corn_mlrane_2003_clean.tif,69348493c5418faaa100fbc488da239e93b0fd40377d0ff8c051ce19f4925ba9,fields/5469d89b3ee271530885/csp3_field_index_2003.tif,ca9d131cb72ef915098bc51b28a7f5665d5dfebeaef4bea516dfdb890c04913a,Mg/ha at 15.5% grain moisture,False
2005,M1_fixed,CH2V6_yield_outputs/csp3_dryland_corn_yield_2005_M1_fixed.tif,6d6541e32bafbfd682e9f8d515df115d1eece152dd8fd3745d649a9310e135d7,non_irrigated_corn/clean/non_irrigated_corn_mlrane_2005_clean.tif,096a8cbda4f8e2ce97454825ea72f8823e5044a3cdda7e3cea13950f29448a9b,fields/5469d89b3ee271530885/csp3_field_index_2005.tif,ee0de39ead698fb5a888cf54f8303856450352bcfd8376f4c5e8a8fca3d75396,Mg/ha at 15.5% grain moisture,False
2005,M2_HI_sensitivity,CH2V6_yield_outputs/csp3_dryland_corn_yield_2005_M2_HI_sensitivity.tif,6b3198539ced1fd32edade73a8a7c6c7d76849815a1b2fe7f6e516dd87b5052e,non_irrigated_corn/clean/non_irrigated_corn_mlrane_2005_clean.tif,096a8cbda4f8e2ce97454825ea72f8823e5044a3cdda7e3cea13950f29448a9b,fields/5469d89b3ee271530885/csp3_field_index_2005.tif,ee0de39ead698fb5a888cf54f8303856450352bcfd8376f4c5e8a8fca3d75396,Mg/ha at 15.5% grain moisture,False
2007,M1_fixed,CH2V6_yield_outputs/csp3_dryland_corn_yield_2007_M1_fixed.tif,0cc0556acf50e78db7ed1d2528a65896b1ee15936d1b7866675585bda8dea92c,non_irrigated_corn/clean/non_irrigated_corn_mlrane_2007_clean.tif,b15e497fb7a600cd044f847f32c5aa2e12afd40755ed72fe44d8f7c224c5e9c8,fields/5469d89b3ee271530885/csp3_field_index_2007.tif,b1bd018c35c47018b19cbc8b4cc8e6b2553bdec55080db12a15f4952584fda72,Mg/ha at 15.5% grain moisture,False
2007,M2_HI_sensitivity,CH2V6_yield_outputs/csp3_dryland_corn_yield_2007_M2_HI_sensitivity.tif,0021ba79a23d45bf9adfe666c812ca5ea2e5a1b434f9ebd3bb03e012fd38e55b,non_irrigated_corn/clean/non_irrigated_corn_mlrane_2007_clean.tif,b15e497fb7a600cd044f847f32c5aa2e12afd40755ed72fe44d8f7c224c5e9c8,fields/5469d89b3ee271530885/csp3_field_index_2007.tif,b1bd018c35c47018b19cbc8b4cc8e6b2553bdec55080db12a15f4952584fda72,Mg/ha at 15.5% grain moisture,False
2009,M1_fixed,CH2V6_yield_outputs/csp3_dryland_corn_yield_2009_M1_fixed.tif,b88c9bb6a5b25e49f5cb6d6830b68b94e890741384fcf6631e22fc34f9074407,non_irrigated_corn/clean/non_irrigated_corn_mlrane_2009_clean.tif,ae61c6ab6540fe21fe334b5c9995247db83baca97497b4844a0db529ea7b3ecc,fields/5469d89b3ee271530885/csp3_field_index_2009.tif,88dcf4e1701f4a0d04184e9b02ba1a96690ec52bab171cab0d8b89fd64828fd7,Mg/ha at 15.5% grain moisture,False
2009,M2_HI_sensitivity,CH2V6_yield_outputs/csp3_dryland_corn_yield_2009_M2_HI_sensitivity.tif,e92aabd56e34ccfd709605785f3e0614230f10b6825cc30a52cee1cabfac1fc8,non_irrigated_corn/clean/non_irrigated_corn_mlrane_2009_clean.tif,ae61c6ab6540fe21fe334b5c9995247db83baca97497b4844a0db529ea7b3ecc,fields/5469d89b3ee271530885/csp3_field_index_2009.tif,88dcf4e1701f4a0d04184e9b02ba1a96690ec52bab171cab0d8b89fd64828fd7,Mg/ha at 15.5% grain moisture,False
2011,M1_fixed,CH2V6_yield_outputs/csp3_dryland_corn_yield_2011_M1_fixed.tif,7f3368fe62ec2d2d644d5150d31cd12663132a7ca0e97f55783b004b9f20512a,non_irrigated_corn/clean/non_irrigated_corn_mlrane_2011_clean.tif,08b4f93ae64b02d9c1d3d0dea6c0829fb358dec3c80ecf6ba08d1c15730b9d13,fields/5469d89b3ee271530885/csp3_field_index_2011.tif,ff063f2f41f58b1ac587450ec85635590bb7ef98837b1da34f71adab313e46b6,Mg/ha at 15.5% grain moisture,False
2011,M2_HI_sensitivity,CH2V6_yield_outputs/csp3_dryland_corn_yield_2011_M2_HI_sensitivity.tif,90b7e0490e692e37acabb0469223a702a8911e9c662becc6a713aabdbfd3017b,non_irrigated_corn/clean/non_irrigated_corn_mlrane_2011_clean.tif,08b4f93ae64b02d9c1d3d0dea6c0829fb358dec3c80ecf6ba08d1c15730b9d13,fields/5469d89b3ee271530885/csp3_field_index_2011.tif,ff063f2f41f58b1ac587450ec85635590bb7ef98837b1da34f71adab313e46b6,Mg/ha at 15.5% grain moisture,False
2013,M1_fixed,CH2V6_yield_outputs/csp3_dryland_corn_yield_2013_M1_fixed.tif,51ff93de99e213dec93b2f5e4dcbb097f950fa53621dde2a91b10cb2fee20430,non_irrigated_corn/clean/non_irrigated_corn_mlrane_2013_clean.tif,d001d6dbc939b36abbc5135e2bd4bb721272843fbbb0081ef5aa7d19241d6e2a,fields/5469d89b3ee271530885/csp3_field_index_2013.tif,3918cf2b5895a6f9e119d4ded32c8c6d2582d25bc67b863b06e755531fd86639,Mg/ha at 15.5% grain moisture,False
2013,M2_HI_sensitivity,CH2V6_yield_outputs/csp3_dryland_corn_yield_2013_M2_HI_sensitivity.tif,02d0ef620ee6e20f7f6b5506428a7bd4aea6f6706babcf05df8e391c1e1b2227,non_irrigated_corn/clean/non_irrigated_corn_mlrane_2013_clean.tif,d001d6dbc939b36abbc5135e2bd4bb721272843fbbb0081ef5aa7d19241d6e2a,fields/5469d89b3ee271530885/csp3_field_index_2013.tif,3918cf2b5895a6f9e119d4ded32c8c6d2582d25bc67b863b06e755531fd86639,Mg/ha at 15.5% grain moisture,False
2015,M1_fixed,CH2V6_yield_outputs/csp3_dryland_corn_yield_2015_M1_fixed.tif,de1a69df820da68bdd1c4b2caffdba4989f7864794c7a8d4a6bdd8caf7c63d16,non_irrigated_corn/clean/non_irrigated_corn_mlrane_2015_clean.tif,e6fdd4ca116691823cd4d5aa54845b7185fd49b282aabaf95ca51b35056c7a0b,fields/5469d89b3ee271530885/csp3_field_index_2015.tif,b6579ed59744e2178bc07f76beb721d0608417e3decbedf12dc605c20ecbc8ec,Mg/ha at 15.5% grain moisture,False
2015,M2_HI_sensitivity,CH2V6_yield_outputs/csp3_dryland_corn_yield_2015_M2_HI_sensitivity.tif,6f5a779fda37c60dd4ffb0984a5a268f43a8819d11c13bc91579240f63e98a1b,non_irrigated_corn/clean/non_irrigated_corn_mlrane_2015_clean.tif,e6fdd4ca116691823cd4d5aa54845b7185fd49b282aabaf95ca51b35056c7a0b,fields/5469d89b3ee271530885/csp3_field_index_2015.tif,b6579ed59744e2178bc07f76beb721d0608417e3decbedf12dc605c20ecbc8ec,Mg/ha at 15.5% grain moisture,False
2017,M1_fixed,CH2V6_yield_outputs/csp3_dryland_corn_yield_2017_M1_fixed.tif,bfaa9c289a62081784997f5d7a7319dad509498cf6e2e959f30943e14a924982,non_irrigated_corn/clean/non_irrigated_corn_mlrane_2017_clean.tif,84a3fa1f5078b3f9a769deb1721432f0c0d16a098c119a26b3623642f8fc438f,fields/5469d89b3ee271530885/csp3_field_index_2017.tif,bfb63974fa3a1b48180fb6eb16089b77274fac266655482f7c8954f024d578ec,Mg/ha at 15.5% grain moisture,False
2017,M2_HI_sensitivity,CH2V6_yield_outputs/csp3_dryland_corn_yield_2017_M2_HI_sensitivity.tif,901875eb06ae3909770da6582c7e8cf156456145eee9ad6e63e11e7798afe369,non_irrigated_corn/clean/non_irrigated_corn_mlrane_2017_clean.tif,84a3fa1f5078b3f9a769deb1721432f0c0d16a098c119a26b3623642f8fc438f,fields/5469d89b3ee271530885/csp3_field_index_2017.tif,bfb63974fa3a1b48180fb6eb16089b77274fac266655482f7c8954f024d578ec,Mg/ha at 15.5% grain moisture,False
2019,M1_fixed,extension_2019_2021/20260928_corefilter_remask_v1/2019/rasters/csp3_dryland_corn_yield_2019_M1_fixed.tif,af1a6223d6a74b1d792e9640e95e50e4ba106c98a56c764047efd33d284a877b,CSP3_GPP_outputs/extension_2019_2021/20260928_corefilter_remask_v1/2019/masks/non_irrigated_corn_mlrane_2019_clean.tif,90e5d1aa801ddc58851b9aa7a57a5747db19a3384795af9c7e95b5412f64a8ad,extension_2019_2021/20260928_corefilter_remask_v1/2019/fields/205a1b7979d066e6ae9f/csp3_field_index_2019.tif,4d5ba76909d552682c5624497bf21fdd9288a3eec65cd4e4d510fb6509da9432,Mg/ha at 15.5% grain moisture,False
2019,M2_HI_sensitivity,extension_2019_2021/20260928_corefilter_remask_v1/2019/rasters/csp3_dryland_corn_yield_2019_M2_HI_sensitivity.tif,a1c4ca465fa7294e201a60b858cf9dc97f8447a88dfd22f87447a3fc44e87dad,CSP3_GPP_outputs/extension_2019_2021/20260928_corefilter_remask_v1/2019/masks/non_irrigated_corn_mlrane_2019_clean.tif,90e5d1aa801ddc58851b9aa7a57a5747db19a3384795af9c7e95b5412f64a8ad,extension_2019_2021/20260928_corefilter_remask_v1/2019/fields/205a1b7979d066e6ae9f/csp3_field_index_2019.tif,4d5ba76909d552682c5624497bf21fdd9288a3eec65cd4e4d510fb6509da9432,Mg/ha at 15.5% grain moisture,False
2021,M1_fixed,extension_2019_2021/20260928_corefilter_remask_v1/2021/rasters/csp3_dryland_corn_yield_2021_M1_fixed.tif,a2a4741e965e38ab561192db9570128e16830758b0cf51883d371c7853c58271,CSP3_GPP_outputs/extension_2019_2021/20260928_corefilter_remask_v1/2021/masks/non_irrigated_corn_mlrane_2021_clean.tif,298d4776b81e84e90df9b9753d6d155849cd4d1a328f23e94a5ccbaa8e8e445c,extension_2019_2021/20260928_corefilter_remask_v1/2021/fields/5cbcc7262489718ad26c/csp3_field_index_2021.tif,f9fff0f2fc2f93e1051c5979d61cd524022d5883c6d2ccde2de76d2f9b554381,Mg/ha at 15.5% grain moisture,True
2021,M2_HI_sensitivity,extension_2019_2021/20260928_corefilter_remask_v1/2021/rasters/csp3_dryland_corn_yield_2021_M2_HI_sensitivity.tif,b2cfd5650bec05ff383a49dd8750ae6e592888c9f894329aace66a66aa71e643,CSP3_GPP_outputs/extension_2019_2021/20260928_corefilter_remask_v1/2021/masks/non_irrigated_corn_mlrane_2021_clean.tif,298d4776b81e84e90df9b9753d6d155849cd4d1a328f23e94a5ccbaa8e8e445c,extension_2019_2021/20260928_corefilter_remask_v1/2021/fields/5cbcc7262489718ad26c/csp3_field_index_2021.tif,f9fff0f2fc2f93e1051c5979d61cd524022d5883c6d2ccde2de76d2f9b554381,Mg/ha at 15.5% grain moisture,True
