year,scenario,experimental,source,metric,n,blocks,r,ci_low,ci_high,defined_replicates,block_m,replicates,seed
2001,M1_fixed,False,yield_only,yield,3523022,652,0.16309992318167116,0.15090528838348405,0.17534468483944002,1999,5000,1999,20260928
2001,M1_fixed,False,yield_only,yield,3523022,186,0.16309992318144426,0.1460110937510795,0.18145779209708304,1999,10000,1999,20260928
2001,M1_fixed,False,yield_only,yield,3523022,55,0.1630999231814909,0.13848988732630757,0.18826032216220961,1999,20000,1999,20260928
2001,M1_fixed,False,yield_only,quartile_marginality,3523022,652,-0.15481553541685733,-0.16615726613149995,-0.14326206022396684,1999,5000,1999,20260928
2001,M1_fixed,False,yield_only,quartile_marginality,3523022,186,-0.15481553541670506,-0.17188926701138685,-0.13906040964979222,1999,10000,1999,20260928
2001,M1_fixed,False,yield_only,quartile_marginality,3523022,55,-0.15481553541685492,-0.17892576604007454,-0.1329174808185754,1999,20000,1999,20260928
2001,M2_HI_sensitivity,False,yield_only,yield,3523022,652,0.16309992318167116,0.15090528838348405,0.17534468483944002,1999,5000,1999,20260928
2001,M2_HI_sensitivity,False,yield_only,yield,3523022,186,0.16309992318144426,0.1460110937510795,0.18145779209708304,1999,10000,1999,20260928
2001,M2_HI_sensitivity,False,yield_only,yield,3523022,55,0.1630999231814909,0.13848988732630757,0.18826032216220961,1999,20000,1999,20260928
2001,M2_HI_sensitivity,False,yield_only,quartile_marginality,3523022,652,-0.15481553541685733,-0.16615726613149995,-0.14326206022396684,1999,5000,1999,20260928
2001,M2_HI_sensitivity,False,yield_only,quartile_marginality,3523022,186,-0.15481553541670506,-0.17188926701138685,-0.13906040964979222,1999,10000,1999,20260928
2001,M2_HI_sensitivity,False,yield_only,quartile_marginality,3523022,55,-0.15481553541685492,-0.17892576604007454,-0.1329174808185754,1999,20000,1999,20260928
2003,M1_fixed,False,yield_only,yield,3132412,651,0.10668366258510475,0.09718251971161168,0.11556922341827389,1999,5000,1999,20260928
2003,M1_fixed,False,yield_only,yield,3132412,186,0.10668366258499923,0.09420194843204789,0.11934301931555345,1999,10000,1999,20260928
2003,M1_fixed,False,yield_only,yield,3132412,55,0.1066836625848787,0.08874209596331373,0.12387065063583033,1999,20000,1999,20260928
2003,M1_fixed,False,yield_only,quartile_marginality,3132412,651,-0.10430614526407829,-0.11583898092671731,-0.09271470650686496,1999,5000,1999,20260928
2003,M1_fixed,False,yield_only,quartile_marginality,3132412,186,-0.1043061452640009,-0.12326378888421127,-0.08710990901598764,1999,10000,1999,20260928
2003,M1_fixed,False,yield_only,quartile_marginality,3132412,55,-0.10430614526397045,-0.12853160923829884,-0.07833344185956169,1999,20000,1999,20260928
2003,M2_HI_sensitivity,False,yield_only,yield,3132412,651,0.10668366258510475,0.09718251971161168,0.11556922341827389,1999,5000,1999,20260928
2003,M2_HI_sensitivity,False,yield_only,yield,3132412,186,0.10668366258499923,0.09420194843204789,0.11934301931555345,1999,10000,1999,20260928
2003,M2_HI_sensitivity,False,yield_only,yield,3132412,55,0.1066836625848787,0.08874209596331373,0.12387065063583033,1999,20000,1999,20260928
2003,M2_HI_sensitivity,False,yield_only,quartile_marginality,3132412,651,-0.10430614526407829,-0.11583898092671731,-0.09271470650686496,1999,5000,1999,20260928
2003,M2_HI_sensitivity,False,yield_only,quartile_marginality,3132412,186,-0.1043061452640009,-0.12326378888421127,-0.08710990901598764,1999,10000,1999,20260928
2003,M2_HI_sensitivity,False,yield_only,quartile_marginality,3132412,55,-0.10430614526397045,-0.12853160923829884,-0.07833344185956169,1999,20000,1999,20260928
2005,M1_fixed,False,yield_only,yield,3411496,650,0.15188840595834646,0.14154963076421032,0.1624550208326218,1999,5000,1999,20260928
2005,M1_fixed,False,yield_only,yield,3411496,186,0.1518884059581349,0.13798772659876293,0.16565493845230655,1999,10000,1999,20260928
2005,M1_fixed,False,yield_only,yield,3411496,55,0.15188840595816513,0.13259554425749714,0.17185431832201462,1999,20000,1999,20260928
2005,M1_fixed,False,yield_only,quartile_marginality,3411496,650,-0.1456936380924045,-0.15640181099317535,-0.13519163847841165,1999,5000,1999,20260928
2005,M1_fixed,False,yield_only,quartile_marginality,3411496,186,-0.14569363809226404,-0.1608067045178826,-0.13110829789719602,1999,10000,1999,20260928
2005,M1_fixed,False,yield_only,quartile_marginality,3411496,55,-0.14569363809234712,-0.1653557349600775,-0.12657698470111042,1999,20000,1999,20260928
2005,M2_HI_sensitivity,False,yield_only,yield,3411496,650,0.15188840612878104,0.14154963089875908,0.1624550211498979,1999,5000,1999,20260928
2005,M2_HI_sensitivity,False,yield_only,yield,3411496,186,0.15188840612863488,0.13798772670226855,0.1656549387059081,1999,10000,1999,20260928
2005,M2_HI_sensitivity,False,yield_only,yield,3411496,55,0.1518884061286379,0.13259554442446578,0.1718543181794235,1999,20000,1999,20260928
2005,M2_HI_sensitivity,False,yield_only,quartile_marginality,3411496,650,-0.1456936380924045,-0.15640181099317535,-0.13519163847841165,1999,5000,1999,20260928
2005,M2_HI_sensitivity,False,yield_only,quartile_marginality,3411496,186,-0.14569363809226404,-0.1608067045178826,-0.13110829789719602,1999,10000,1999,20260928
2005,M2_HI_sensitivity,False,yield_only,quartile_marginality,3411496,55,-0.14569363809234712,-0.1653557349600775,-0.12657698470111042,1999,20000,1999,20260928
2007,M1_fixed,False,yield_only,yield,3467408,650,0.12796871305843283,0.11936345405910663,0.1370855382143483,1999,5000,1999,20260928
2007,M1_fixed,False,yield_only,yield,3467408,186,0.1279687130582677,0.11580647442116987,0.14017919452076333,1999,10000,1999,20260928
2007,M1_fixed,False,yield_only,yield,3467408,55,0.12796871305828195,0.11156443052920284,0.14638931352173834,1999,20000,1999,20260928
2007,M1_fixed,False,yield_only,quartile_marginality,3467408,650,-0.12742236161292683,-0.13644526077025318,-0.11818254024709758,1999,5000,1999,20260928
2007,M1_fixed,False,yield_only,quartile_marginality,3467408,186,-0.12742236161279843,-0.1397180225133383,-0.11467499115737903,1999,10000,1999,20260928
2007,M1_fixed,False,yield_only,quartile_marginality,3467408,55,-0.12742236161295056,-0.14249273382842198,-0.11178420559956004,1999,20000,1999,20260928
2007,M2_HI_sensitivity,False,yield_only,yield,3467408,650,0.12796871296648973,0.11936345381379422,0.13708553810509408,1999,5000,1999,20260928
2007,M2_HI_sensitivity,False,yield_only,yield,3467408,186,0.12796871296628787,0.11580647445210554,0.14017919445956512,1999,10000,1999,20260928
2007,M2_HI_sensitivity,False,yield_only,yield,3467408,55,0.12796871296638632,0.111564430336588,0.14638931326372087,1999,20000,1999,20260928
2007,M2_HI_sensitivity,False,yield_only,quartile_marginality,3467408,650,-0.12742236161292683,-0.13644526077025318,-0.11818254024709758,1999,5000,1999,20260928
2007,M2_HI_sensitivity,False,yield_only,quartile_marginality,3467408,186,-0.12742236161279843,-0.1397180225133383,-0.11467499115737903,1999,10000,1999,20260928
2007,M2_HI_sensitivity,False,yield_only,quartile_marginality,3467408,55,-0.12742236161295056,-0.14249273382842198,-0.11178420559956004,1999,20000,1999,20260928
2009,M1_fixed,False,yield_only,yield,2855177,650,0.14140680463914537,0.12922820441856947,0.15338481548727914,1999,5000,1999,20260928
2009,M1_fixed,False,yield_only,yield,2855177,186,0.14140680463896577,0.12522684702925993,0.15769645237952723,1999,10000,1999,20260928
2009,M1_fixed,False,yield_only,yield,2855177,55,0.14140680463902253,0.11853616425121291,0.16618058626012408,1999,20000,1999,20260928
2009,M1_fixed,False,yield_only,quartile_marginality,2855177,650,-0.1348736960082363,-0.1485508674039149,-0.12171545218000422,1999,5000,1999,20260928
2009,M1_fixed,False,yield_only,quartile_marginality,2855177,186,-0.1348736960080963,-0.153301476240373,-0.11668293846435428,1999,10000,1999,20260928
2009,M1_fixed,False,yield_only,quartile_marginality,2855177,55,-0.13487369600825116,-0.16353342992547587,-0.110314265524676,1999,20000,1999,20260928
2009,M2_HI_sensitivity,False,yield_only,yield,2855177,650,0.14140680463914537,0.12922820441856947,0.15338481548727914,1999,5000,1999,20260928
2009,M2_HI_sensitivity,False,yield_only,yield,2855177,186,0.14140680463896577,0.12522684702925993,0.15769645237952723,1999,10000,1999,20260928
2009,M2_HI_sensitivity,False,yield_only,yield,2855177,55,0.14140680463902253,0.11853616425121291,0.16618058626012408,1999,20000,1999,20260928
2009,M2_HI_sensitivity,False,yield_only,quartile_marginality,2855177,650,-0.1348736960082363,-0.1485508674039149,-0.12171545218000422,1999,5000,1999,20260928
2009,M2_HI_sensitivity,False,yield_only,quartile_marginality,2855177,186,-0.1348736960080963,-0.153301476240373,-0.11668293846435428,1999,10000,1999,20260928
2009,M2_HI_sensitivity,False,yield_only,quartile_marginality,2855177,55,-0.13487369600825116,-0.16353342992547587,-0.110314265524676,1999,20000,1999,20260928
2011,M1_fixed,False,yield_only,yield,3736460,649,0.11139203764832938,0.098568318316933,0.12482832036478964,1999,5000,1999,20260928
2011,M1_fixed,False,yield_only,yield,3736460,186,0.11139203764820657,0.09196205856562133,0.13089608308958572,1999,10000,1999,20260928
2011,M1_fixed,False,yield_only,yield,3736460,55,0.11139203764822242,0.07965122096157293,0.14270403063413134,1999,20000,1999,20260928
2011,M1_fixed,False,yield_only,quartile_marginality,3736460,649,-0.07231456740662495,-0.08842236011479176,-0.056793961041658965,1999,5000,1999,20260928
2011,M1_fixed,False,yield_only,quartile_marginality,3736460,186,-0.07231456740655004,-0.09578235390077725,-0.04683461681937303,1999,10000,1999,20260928
2011,M1_fixed,False,yield_only,quartile_marginality,3736460,55,-0.0723145674065673,-0.11010501230550743,-0.03741227969694973,1999,20000,1999,20260928
2011,M2_HI_sensitivity,False,yield_only,yield,3736460,649,0.11139203781769659,0.098568318588567,0.1248283205359183,1999,5000,1999,20260928
2011,M2_HI_sensitivity,False,yield_only,yield,3736460,186,0.11139203781756285,0.09196205876940543,0.13089608325737137,1999,10000,1999,20260928
2011,M2_HI_sensitivity,False,yield_only,yield,3736460,55,0.11139203781753722,0.07965122114196584,0.14270403078847366,1999,20000,1999,20260928
2011,M2_HI_sensitivity,False,yield_only,quartile_marginality,3736460,649,-0.07231456740662495,-0.08842236011479176,-0.056793961041658965,1999,5000,1999,20260928
2011,M2_HI_sensitivity,False,yield_only,quartile_marginality,3736460,186,-0.07231456740655004,-0.09578235390077725,-0.04683461681937303,1999,10000,1999,20260928
2011,M2_HI_sensitivity,False,yield_only,quartile_marginality,3736460,55,-0.0723145674065673,-0.11010501230550743,-0.03741227969694973,1999,20000,1999,20260928
2013,M1_fixed,False,yield_only,yield,3348581,652,0.13376793325105005,0.11967823309158056,0.1478200105173234,1999,5000,1999,20260928
2013,M1_fixed,False,yield_only,yield,3348581,187,0.1337679332509421,0.11074338994474668,0.1566965554704393,1999,10000,1999,20260928
2013,M1_fixed,False,yield_only,yield,3348581,55,0.13376793325084846,0.09831417118968112,0.16830282571954386,1999,20000,1999,20260928
2013,M1_fixed,False,yield_only,quartile_marginality,3348581,652,-0.09761326862973962,-0.11459258212700318,-0.08105634104119569,1999,5000,1999,20260928
2013,M1_fixed,False,yield_only,quartile_marginality,3348581,187,-0.0976132686296653,-0.12370830230430337,-0.07155183502381388,1999,10000,1999,20260928
2013,M1_fixed,False,yield_only,quartile_marginality,3348581,55,-0.09761326862964913,-0.135654521166324,-0.06150723507310554,1999,20000,1999,20260928
2013,M2_HI_sensitivity,False,yield_only,yield,3348581,652,0.13376793333907003,0.1196782332276917,0.14782001063768815,1999,5000,1999,20260928
2013,M2_HI_sensitivity,False,yield_only,yield,3348581,187,0.13376793333895298,0.11074339003241632,0.15669655562840926,1999,10000,1999,20260928
2013,M2_HI_sensitivity,False,yield_only,yield,3348581,55,0.13376793333887302,0.09831417127867548,0.16830282579865796,1999,20000,1999,20260928
2013,M2_HI_sensitivity,False,yield_only,quartile_marginality,3348581,652,-0.09761326862973962,-0.11459258212700318,-0.08105634104119569,1999,5000,1999,20260928
2013,M2_HI_sensitivity,False,yield_only,quartile_marginality,3348581,187,-0.0976132686296653,-0.12370830230430337,-0.07155183502381388,1999,10000,1999,20260928
2013,M2_HI_sensitivity,False,yield_only,quartile_marginality,3348581,55,-0.09761326862964913,-0.135654521166324,-0.06150723507310554,1999,20000,1999,20260928
2015,M1_fixed,False,yield_only,yield,3405800,650,0.20056389510570394,0.18794753765848374,0.2134339294658921,1999,5000,1999,20260928
2015,M1_fixed,False,yield_only,yield,3405800,185,0.20056389510546374,0.1815644871009132,0.21979947113383497,1999,10000,1999,20260928
2015,M1_fixed,False,yield_only,yield,3405800,55,0.20056389510538553,0.16988524249419473,0.2297806350398746,1999,20000,1999,20260928
2015,M1_fixed,False,yield_only,quartile_marginality,3405800,650,-0.1821220980532357,-0.19502552361148764,-0.16896665916981563,1999,5000,1999,20260928
2015,M1_fixed,False,yield_only,quartile_marginality,3405800,185,-0.18212209805306037,-0.2001092166084052,-0.16389142491318065,1999,10000,1999,20260928
2015,M1_fixed,False,yield_only,quartile_marginality,3405800,55,-0.18212209805306268,-0.21027002283580928,-0.15301151764337279,1999,20000,1999,20260928
2015,M2_HI_sensitivity,False,yield_only,yield,3405800,650,0.2005638950730465,0.18794753766893316,0.2134339293390204,1999,5000,1999,20260928
2015,M2_HI_sensitivity,False,yield_only,yield,3405800,185,0.2005638950728096,0.1815644872328932,0.2197994709719802,1999,10000,1999,20260928
2015,M2_HI_sensitivity,False,yield_only,yield,3405800,55,0.20056389507270822,0.16988524247589828,0.2297806350486682,1999,20000,1999,20260928
2015,M2_HI_sensitivity,False,yield_only,quartile_marginality,3405800,650,-0.1821220980532357,-0.19502552361148764,-0.16896665916981563,1999,5000,1999,20260928
2015,M2_HI_sensitivity,False,yield_only,quartile_marginality,3405800,185,-0.18212209805306037,-0.2001092166084052,-0.16389142491318065,1999,10000,1999,20260928
2015,M2_HI_sensitivity,False,yield_only,quartile_marginality,3405800,55,-0.18212209805306268,-0.21027002283580928,-0.15301151764337279,1999,20000,1999,20260928
2017,M1_fixed,False,yield_only,yield,3486891,650,0.2118710046654738,0.19776091746018273,0.22604745996514738,1999,5000,1999,20260928
2017,M1_fixed,False,yield_only,yield,3486891,186,0.21187100466524986,0.19023440409713982,0.23517057346414333,1999,10000,1999,20260928
2017,M1_fixed,False,yield_only,yield,3486891,55,0.21187100466520822,0.17683275925247183,0.24633810309515333,1999,20000,1999,20260928
2017,M1_fixed,False,yield_only,quartile_marginality,3486891,650,-0.1812485482674128,-0.19631294122189086,-0.16626651751940272,1999,5000,1999,20260928
2017,M1_fixed,False,yield_only,quartile_marginality,3486891,186,-0.1812485482672642,-0.20655040590649906,-0.15895805801966434,1999,10000,1999,20260928
2017,M1_fixed,False,yield_only,quartile_marginality,3486891,55,-0.18124854826726738,-0.21808205913699868,-0.145480861696662,1999,20000,1999,20260928
2017,M2_HI_sensitivity,False,yield_only,yield,3486891,650,0.21187100469263603,0.19776091746503488,0.22604745998676964,1999,5000,1999,20260928
2017,M2_HI_sensitivity,False,yield_only,yield,3486891,186,0.21187100469243175,0.1902344042116566,0.23517057342515166,1999,10000,1999,20260928
2017,M2_HI_sensitivity,False,yield_only,yield,3486891,55,0.21187100469232134,0.1768327592976515,0.24633810316808868,1999,20000,1999,20260928
2017,M2_HI_sensitivity,False,yield_only,quartile_marginality,3486891,650,-0.1812485482674128,-0.19631294122189086,-0.16626651751940272,1999,5000,1999,20260928
2017,M2_HI_sensitivity,False,yield_only,quartile_marginality,3486891,186,-0.1812485482672642,-0.20655040590649906,-0.15895805801966434,1999,10000,1999,20260928
2017,M2_HI_sensitivity,False,yield_only,quartile_marginality,3486891,55,-0.18124854826726738,-0.21808205913699868,-0.145480861696662,1999,20000,1999,20260928
2019,M1_fixed,False,yield_only,yield,3920033,649,0.10080851442947365,0.09139593424358919,0.10945309507823064,1999,5000,1999,20260928
2019,M1_fixed,False,yield_only,yield,3920033,186,0.10080851442925481,0.08811235595737563,0.11267987182242846,1999,10000,1999,20260928
2019,M1_fixed,False,yield_only,yield,3920033,55,0.10080851442923591,0.0831984180188761,0.1182973511484351,1999,20000,1999,20260928
2019,M1_fixed,False,yield_only,quartile_marginality,3920033,649,-0.08950517882511665,-0.10133899631454205,-0.07737752374813243,1999,5000,1999,20260928
2019,M1_fixed,False,yield_only,quartile_marginality,3920033,186,-0.08950517882499583,-0.10520912150578234,-0.07247682410232716,1999,10000,1999,20260928
2019,M1_fixed,False,yield_only,quartile_marginality,3920033,55,-0.08950517882505414,-0.11480498430831092,-0.06357433149691386,1999,20000,1999,20260928
2019,M1_fixed,False,UNL,source_return,3920033,649,0.10080851442952495,0.09139593424362892,0.1094530950783023,1999,5000,1999,20260928
2019,M1_fixed,False,UNL,source_return,3920033,186,0.10080851442939011,0.08811235595750506,0.11267987182257713,1999,10000,1999,20260928
2019,M1_fixed,False,UNL,source_return,3920033,55,0.10080851442945586,0.08319841801902818,0.11829735114880548,1999,20000,1999,20260928
2019,M1_fixed,False,UNL,economic_loss,3920033,649,-0.08562994022925823,-0.09722715577823164,-0.07258642862360239,1999,5000,1999,20260928
2019,M1_fixed,False,UNL,economic_loss,3920033,186,-0.08562994022914265,-0.10308364448725496,-0.0671025206390438,1999,10000,1999,20260928
2019,M1_fixed,False,UNL,economic_loss,3920033,55,-0.08562994022919845,-0.11178493708495009,-0.05951886823284561,1999,20000,1999,20260928
2019,M1_fixed,False,ERS_Heartland,source_return,3920033,649,0.10080851442953156,0.09139593424363592,0.10945309507830644,1999,5000,1999,20260928
2019,M1_fixed,False,ERS_Heartland,source_return,3920033,186,0.10080851442939238,0.08811235595750665,0.11267987182257158,1999,10000,1999,20260928
2019,M1_fixed,False,ERS_Heartland,source_return,3920033,55,0.10080851442946516,0.08319841801902082,0.11829735114882534,1999,20000,1999,20260928
2019,M1_fixed,False,ERS_Heartland,economic_loss,3920033,649,-0.014938796560153365,-0.019973770451697705,-0.009827508508175911,1999,5000,1999,20260928
2019,M1_fixed,False,ERS_Heartland,economic_loss,3920033,186,-0.014938796560133201,-0.022151583158704337,-0.008108624768707431,1999,10000,1999,20260928
2019,M1_fixed,False,ERS_Heartland,economic_loss,3920033,55,-0.014938796560142934,-0.02476808546592113,-0.005850032399891843,1999,20000,1999,20260928
2019,M1_fixed,False,FINBIN_county,source_return,1625192,297,0.07309156888970528,0.059514668394968856,0.08651491811868404,1999,5000,1999,20260928
2019,M1_fixed,False,FINBIN_county,source_return,1625192,86,0.07309156888965469,0.055698017609328195,0.09078112212858361,1999,10000,1999,20260928
2019,M1_fixed,False,FINBIN_county,source_return,1625192,25,0.07309156888942299,0.05007310505716535,0.09549209584648932,1999,20000,1999,20260928
2019,M1_fixed,False,FINBIN_county,economic_loss,1625192,297,-0.03656599334536528,-0.05303060906553939,-0.020377010551618578,1999,5000,1999,20260928
2019,M1_fixed,False,FINBIN_county,economic_loss,1625192,86,-0.03656599334534088,-0.05639225908795681,-0.016901637685019025,1999,10000,1999,20260928
2019,M1_fixed,False,FINBIN_county,economic_loss,1625192,25,-0.0365659933452251,-0.06310089009019557,-0.010489528257820272,1999,20000,1999,20260928
2019,M1_fixed,False,FINBIN_state,source_return,3920033,649,0.10080851442952132,0.09139593424363282,0.10945309507830589,1999,5000,1999,20260928
2019,M1_fixed,False,FINBIN_state,source_return,3920033,186,0.1008085144293884,0.08811235595750637,0.11267987182257724,1999,10000,1999,20260928
2019,M1_fixed,False,FINBIN_state,source_return,3920033,55,0.10080851442947092,0.08319841801900525,0.11829735114880466,1999,20000,1999,20260928
2019,M1_fixed,False,FINBIN_state,economic_loss,3920033,649,-0.017959203765540176,-0.02292848789514955,-0.012697183655688256,1999,5000,1999,20260928
2019,M1_fixed,False,FINBIN_state,economic_loss,3920033,186,-0.017959203765515935,-0.02531823814748775,-0.010701557126775054,1999,10000,1999,20260928
2019,M1_fixed,False,FINBIN_state,economic_loss,3920033,55,-0.017959203765527638,-0.027448303333192498,-0.008581212490155476,1999,20000,1999,20260928
2019,M2_HI_sensitivity,False,yield_only,yield,3920033,649,0.10080851459439318,0.09139593437032338,0.10945309519902918,1999,5000,1999,20260928
2019,M2_HI_sensitivity,False,yield_only,yield,3920033,186,0.10080851459415359,0.08811235597244632,0.11267987193346435,1999,10000,1999,20260928
2019,M2_HI_sensitivity,False,yield_only,yield,3920033,55,0.10080851459412396,0.08319841834070034,0.11829735146478533,1999,20000,1999,20260928
2019,M2_HI_sensitivity,False,yield_only,quartile_marginality,3920033,649,-0.08950517882511665,-0.10133899631454205,-0.07737752374813243,1999,5000,1999,20260928
2019,M2_HI_sensitivity,False,yield_only,quartile_marginality,3920033,186,-0.08950517882499583,-0.10520912150578234,-0.07247682410232716,1999,10000,1999,20260928
2019,M2_HI_sensitivity,False,yield_only,quartile_marginality,3920033,55,-0.08950517882505414,-0.11480498430831092,-0.06357433149691386,1999,20000,1999,20260928
2019,M2_HI_sensitivity,False,UNL,source_return,3920033,649,0.10080851459441421,0.09139593437038941,0.10945309519907978,1999,5000,1999,20260928
2019,M2_HI_sensitivity,False,UNL,source_return,3920033,186,0.10080851459427827,0.08811235597250029,0.1126798719335868,1999,10000,1999,20260928
2019,M2_HI_sensitivity,False,UNL,source_return,3920033,55,0.10080851459434086,0.08319841834090891,0.11829735146497092,1999,20000,1999,20260928
2019,M2_HI_sensitivity,False,UNL,economic_loss,3920033,649,-0.07568593051807872,-0.08704249660943417,-0.06301409982368313,1999,5000,1999,20260928
2019,M2_HI_sensitivity,False,UNL,economic_loss,3920033,186,-0.07568593051797655,-0.09240003824898446,-0.0577671731302125,1999,10000,1999,20260928
2019,M2_HI_sensitivity,False,UNL,economic_loss,3920033,55,-0.07568593051802587,-0.10018864652026316,-0.04939596488737586,1999,20000,1999,20260928
2019,M2_HI_sensitivity,False,ERS_Heartland,source_return,3920033,649,0.1008085145944202,0.09139593437040097,0.10945309519907864,1999,5000,1999,20260928
2019,M2_HI_sensitivity,False,ERS_Heartland,source_return,3920033,186,0.10080851459426876,0.08811235597248729,0.112679871933565,1999,10000,1999,20260928
2019,M2_HI_sensitivity,False,ERS_Heartland,source_return,3920033,55,0.10080851459433121,0.08319841834086558,0.11829735146493808,1999,20000,1999,20260928
2019,M2_HI_sensitivity,False,ERS_Heartland,economic_loss,3920033,649,-0.008851078198460025,-0.013991879342649007,-0.003914804061562531,1999,5000,1999,20260928
2019,M2_HI_sensitivity,False,ERS_Heartland,economic_loss,3920033,186,-0.008851078198448077,-0.01587621565870783,-0.0020942154041448807,1999,10000,1999,20260928
2019,M2_HI_sensitivity,False,ERS_Heartland,economic_loss,3920033,55,-0.008851078198453845,-0.0182157387770669,-0.0007238367178817925,1999,20000,1999,20260928
2019,M2_HI_sensitivity,False,FINBIN_county,source_return,1625192,297,0.0730915692336447,0.059514668759218146,0.08651491825951246,1999,5000,1999,20260928
2019,M2_HI_sensitivity,False,FINBIN_county,source_return,1625192,86,0.07309156923359755,0.055698017647215416,0.09078112265667702,1999,10000,1999,20260928
2019,M2_HI_sensitivity,False,FINBIN_county,source_return,1625192,25,0.07309156923337541,0.05007310541076239,0.0954920960344864,1999,20000,1999,20260928
2019,M2_HI_sensitivity,False,FINBIN_county,economic_loss,1625192,297,-0.036408000811185615,-0.05004870556783545,-0.02254732978473103,1999,5000,1999,20260928
2019,M2_HI_sensitivity,False,FINBIN_county,economic_loss,1625192,86,-0.03640800081116132,-0.052581149315545146,-0.019927897677650578,1999,10000,1999,20260928
2019,M2_HI_sensitivity,False,FINBIN_county,economic_loss,1625192,25,-0.03640800081104603,-0.05531917523713889,-0.016030057172767127,1999,20000,1999,20260928
2019,M2_HI_sensitivity,False,FINBIN_state,source_return,3920033,649,0.10080851459441528,0.09139593437038628,0.10945309519907388,1999,5000,1999,20260928
2019,M2_HI_sensitivity,False,FINBIN_state,source_return,3920033,186,0.10080851459426786,0.08811235597248003,0.11267987193357393,1999,10000,1999,20260928
2019,M2_HI_sensitivity,False,FINBIN_state,source_return,3920033,55,0.10080851459432863,0.08319841834089348,0.11829735146496116,1999,20000,1999,20260928
2019,M2_HI_sensitivity,False,FINBIN_state,economic_loss,3920033,649,-0.010254321467507184,-0.015465541736407133,-0.0052731265201878185,1999,5000,1999,20260928
2019,M2_HI_sensitivity,False,FINBIN_state,economic_loss,3920033,186,-0.010254321467493341,-0.01735418339124301,-0.0033215296895708376,1999,10000,1999,20260928
2019,M2_HI_sensitivity,False,FINBIN_state,economic_loss,3920033,55,-0.010254321467500023,-0.01992540407014744,-0.001755520181815089,1999,20000,1999,20260928
2021,M1_fixed,True,yield_only,yield,1952369,578,0.24273349892514678,0.22055959675531708,0.2640979018113986,1999,5000,1999,20260928
2021,M1_fixed,True,yield_only,yield,1952369,170,0.24273349892431315,0.2095752296105046,0.27714860887432263,1999,10000,1999,20260928
2021,M1_fixed,True,yield_only,yield,1952369,52,0.24273349892338625,0.1868156609401295,0.2956550225735045,1999,20000,1999,20260928
2021,M1_fixed,True,yield_only,quartile_marginality,1952369,578,-0.19078953210257119,-0.20859042846766024,-0.17375123882030236,1999,5000,1999,20260928
2021,M1_fixed,True,yield_only,quartile_marginality,1952369,170,-0.19078953210235838,-0.2157540227779677,-0.16615416011341347,1999,10000,1999,20260928
2021,M1_fixed,True,yield_only,quartile_marginality,1952369,52,-0.19078953210244598,-0.2299542874232601,-0.15093810880880568,1999,20000,1999,20260928
2021,M1_fixed,True,UNL,source_return,1952369,578,0.24273349892541593,0.22055959675554335,0.26409790181172516,1999,5000,1999,20260928
2021,M1_fixed,True,UNL,source_return,1952369,170,0.24273349892517265,0.2095752296111692,0.2771486088751417,1999,10000,1999,20260928
2021,M1_fixed,True,UNL,source_return,1952369,52,0.2427334989253142,0.1868156609416077,0.29565502257589665,1999,20000,1999,20260928
2021,M1_fixed,True,UNL,economic_loss,1952369,578,1.727533686814608e-06,-0.001094031017571441,0.0012699358809808736,1999,5000,1999,20260928
2021,M1_fixed,True,UNL,economic_loss,1952369,170,1.7275336868126813e-06,-0.0011074854881449729,0.0014459588702932732,1999,10000,1999,20260928
2021,M1_fixed,True,UNL,economic_loss,1952369,52,1.7275336868134745e-06,-0.001224156529211993,0.0014436825874503617,1999,20000,1999,20260928
2021,M1_fixed,True,ERS_Heartland,source_return,1952369,578,0.24273349892540486,0.22055959675557482,0.2640979018117304,1999,5000,1999,20260928
2021,M1_fixed,True,ERS_Heartland,source_return,1952369,170,0.2427334989251611,0.20957522961112074,0.2771486088751379,1999,10000,1999,20260928
2021,M1_fixed,True,ERS_Heartland,source_return,1952369,52,0.24273349892530696,0.18681566094171342,0.2956550225758279,1999,20000,1999,20260928
2021,M1_fixed,True,ERS_Heartland,economic_loss,1952369,578,-0.0037088564594340277,-0.0060602680196419016,-0.0013334844734835967,1999,5000,1999,20260928
2021,M1_fixed,True,ERS_Heartland,economic_loss,1952369,170,-0.0037088564594298912,-0.0062078683587510515,-0.0012328611214147424,1999,10000,1999,20260928
2021,M1_fixed,True,ERS_Heartland,economic_loss,1952369,52,-0.0037088564594315943,-0.006877663064008551,-0.0004588658402244449,1999,20000,1999,20260928
2021,M1_fixed,True,FINBIN_state,source_return,1952369,578,0.24273349892541188,0.22055959675558445,0.2640979018117246,1999,5000,1999,20260928
2021,M1_fixed,True,FINBIN_state,source_return,1952369,170,0.24273349892515358,0.20957522961112204,0.2771486088751116,1999,10000,1999,20260928
2021,M1_fixed,True,FINBIN_state,source_return,1952369,52,0.2427334989252509,0.18681566094159383,0.29565502257581705,1999,20000,1999,20260928
2021,M1_fixed,True,FINBIN_state,economic_loss,1952369,578,-0.003951301810020066,-0.006458306446388473,-0.0014741906488076018,1999,5000,1999,20260928
2021,M1_fixed,True,FINBIN_state,economic_loss,1952369,170,-0.003951301810015659,-0.006543003206654114,-0.0014541629562734644,1999,10000,1999,20260928
2021,M1_fixed,True,FINBIN_state,economic_loss,1952369,52,-0.003951301810017473,-0.007132232179078829,-0.0007853861933391112,1999,20000,1999,20260928
2021,M2_HI_sensitivity,True,yield_only,yield,1952369,578,0.24273349892514678,0.22055959675531708,0.2640979018113986,1999,5000,1999,20260928
2021,M2_HI_sensitivity,True,yield_only,yield,1952369,170,0.24273349892431315,0.2095752296105046,0.27714860887432263,1999,10000,1999,20260928
2021,M2_HI_sensitivity,True,yield_only,yield,1952369,52,0.24273349892338625,0.1868156609401295,0.2956550225735045,1999,20000,1999,20260928
2021,M2_HI_sensitivity,True,yield_only,quartile_marginality,1952369,578,-0.19078953210257119,-0.20859042846766024,-0.17375123882030236,1999,5000,1999,20260928
2021,M2_HI_sensitivity,True,yield_only,quartile_marginality,1952369,170,-0.19078953210235838,-0.2157540227779677,-0.16615416011341347,1999,10000,1999,20260928
2021,M2_HI_sensitivity,True,yield_only,quartile_marginality,1952369,52,-0.19078953210244598,-0.2299542874232601,-0.15093810880880568,1999,20000,1999,20260928
2021,M2_HI_sensitivity,True,UNL,source_return,1952369,578,0.24273349892541593,0.22055959675554335,0.26409790181172516,1999,5000,1999,20260928
2021,M2_HI_sensitivity,True,UNL,source_return,1952369,170,0.24273349892517265,0.2095752296111692,0.2771486088751417,1999,10000,1999,20260928
2021,M2_HI_sensitivity,True,UNL,source_return,1952369,52,0.2427334989253142,0.1868156609416077,0.29565502257589665,1999,20000,1999,20260928
2021,M2_HI_sensitivity,True,UNL,economic_loss,1952369,578,1.727533686814608e-06,-0.001094031017571441,0.0012699358809808736,1999,5000,1999,20260928
2021,M2_HI_sensitivity,True,UNL,economic_loss,1952369,170,1.7275336868126813e-06,-0.0011074854881449729,0.0014459588702932732,1999,10000,1999,20260928
2021,M2_HI_sensitivity,True,UNL,economic_loss,1952369,52,1.7275336868134745e-06,-0.001224156529211993,0.0014436825874503617,1999,20000,1999,20260928
2021,M2_HI_sensitivity,True,ERS_Heartland,source_return,1952369,578,0.24273349892540486,0.22055959675557482,0.2640979018117304,1999,5000,1999,20260928
2021,M2_HI_sensitivity,True,ERS_Heartland,source_return,1952369,170,0.2427334989251611,0.20957522961112074,0.2771486088751379,1999,10000,1999,20260928
2021,M2_HI_sensitivity,True,ERS_Heartland,source_return,1952369,52,0.24273349892530696,0.18681566094171342,0.2956550225758279,1999,20000,1999,20260928
2021,M2_HI_sensitivity,True,ERS_Heartland,economic_loss,1952369,578,-0.0037088564594340277,-0.0060602680196419016,-0.0013334844734835967,1999,5000,1999,20260928
2021,M2_HI_sensitivity,True,ERS_Heartland,economic_loss,1952369,170,-0.0037088564594298912,-0.0062078683587510515,-0.0012328611214147424,1999,10000,1999,20260928
2021,M2_HI_sensitivity,True,ERS_Heartland,economic_loss,1952369,52,-0.0037088564594315943,-0.006877663064008551,-0.0004588658402244449,1999,20000,1999,20260928
2021,M2_HI_sensitivity,True,FINBIN_state,source_return,1952369,578,0.24273349892541188,0.22055959675558445,0.2640979018117246,1999,5000,1999,20260928
2021,M2_HI_sensitivity,True,FINBIN_state,source_return,1952369,170,0.24273349892515358,0.20957522961112204,0.2771486088751116,1999,10000,1999,20260928
2021,M2_HI_sensitivity,True,FINBIN_state,source_return,1952369,52,0.2427334989252509,0.18681566094159383,0.29565502257581705,1999,20000,1999,20260928
2021,M2_HI_sensitivity,True,FINBIN_state,economic_loss,1952369,578,-0.003951301810020066,-0.006458306446388473,-0.0014741906488076018,1999,5000,1999,20260928
2021,M2_HI_sensitivity,True,FINBIN_state,economic_loss,1952369,170,-0.003951301810015659,-0.006543003206654114,-0.0014541629562734644,1999,10000,1999,20260928
2021,M2_HI_sensitivity,True,FINBIN_state,economic_loss,1952369,52,-0.003951301810017473,-0.007132232179078829,-0.0007853861933391112,1999,20000,1999,20260928
