scenario,observed_seasons,marginal_seasons,area_ha
M2_HI_sensitivity,1,0,108084.78
M2_HI_sensitivity,1,1,58958.009999999995
M2_HI_sensitivity,2,0,60662.43
M2_HI_sensitivity,2,1,26115.66
M2_HI_sensitivity,2,2,22136.219999999998
M2_HI_sensitivity,3,0,47730.24
M2_HI_sensitivity,3,1,18089.37
M2_HI_sensitivity,3,2,13059.269999999999
M2_HI_sensitivity,3,3,14311.8
M2_HI_sensitivity,4,0,41031.09
M2_HI_sensitivity,4,1,15979.41
M2_HI_sensitivity,4,2,7791.48
M2_HI_sensitivity,4,3,9715.23
M2_HI_sensitivity,4,4,9832.32
M2_HI_sensitivity,5,0,35178.03
M2_HI_sensitivity,5,1,14306.4
M2_HI_sensitivity,5,2,7061.67
M2_HI_sensitivity,5,3,3644.19
M2_HI_sensitivity,5,4,6657.84
M2_HI_sensitivity,5,5,6450.929999999999
M2_HI_sensitivity,6,0,28667.61
M2_HI_sensitivity,6,1,12685.59
M2_HI_sensitivity,6,2,6487.5599999999995
M2_HI_sensitivity,6,3,3551.22
M2_HI_sensitivity,6,4,1866.51
M2_HI_sensitivity,6,5,4627.62
M2_HI_sensitivity,6,6,4127.13
M2_HI_sensitivity,7,0,24071.489999999998
M2_HI_sensitivity,7,1,10365.3
M2_HI_sensitivity,7,2,5770.17
M2_HI_sensitivity,7,3,3196.44
M2_HI_sensitivity,7,4,1761.84
M2_HI_sensitivity,7,5,905.67
M2_HI_sensitivity,7,6,3358.98
M2_HI_sensitivity,7,7,2933.73
M2_HI_sensitivity,8,0,21073.14
M2_HI_sensitivity,8,1,8934.3
M2_HI_sensitivity,8,2,5096.88
M2_HI_sensitivity,8,3,2895.66
M2_HI_sensitivity,8,4,1630.8
M2_HI_sensitivity,8,5,873.27
M2_HI_sensitivity,8,6,423.99
M2_HI_sensitivity,8,7,2491.74
M2_HI_sensitivity,8,8,1913.76
M2_HI_sensitivity,9,0,18786.42
M2_HI_sensitivity,9,1,7610.04
M2_HI_sensitivity,9,2,4667.3099999999995
M2_HI_sensitivity,9,3,2684.16
M2_HI_sensitivity,9,4,1549.62
M2_HI_sensitivity,9,5,841.5899999999999
M2_HI_sensitivity,9,6,410.31
M2_HI_sensitivity,9,7,177.12
M2_HI_sensitivity,9,8,2089.08
M2_HI_sensitivity,9,9,1149.12
M2_HI_sensitivity,10,0,12106.89
M2_HI_sensitivity,10,1,4978.349999999999
M2_HI_sensitivity,10,2,3044.3399999999997
M2_HI_sensitivity,10,3,1956.4199999999998
M2_HI_sensitivity,10,4,1153.35
M2_HI_sensitivity,10,5,639.72
M2_HI_sensitivity,10,6,323.46
M2_HI_sensitivity,10,7,126.81
M2_HI_sensitivity,10,8,42.3
M2_HI_sensitivity,10,9,1220.31
M2_HI_sensitivity,10,10,271.08
