scenario,from_year,to_year,from_class,to_class,pair_common_ha,transition_ha,source_change_caveat
M1_fixed,2001,2003,0,0,159824.16,104541.84,False
M1_fixed,2001,2003,0,1,159824.16,13743.72,False
M1_fixed,2001,2003,1,0,159824.16,14477.939999999999,False
M1_fixed,2001,2003,1,1,159824.16,27060.66,False
M2_HI_sensitivity,2001,2003,0,0,159824.16,104541.84,False
M2_HI_sensitivity,2001,2003,0,1,159824.16,13743.72,False
M2_HI_sensitivity,2001,2003,1,0,159824.16,14477.939999999999,False
M2_HI_sensitivity,2001,2003,1,1,159824.16,27060.66,False
M1_fixed,2003,2005,0,0,163071.54,107275.40999999999,False
M1_fixed,2003,2005,0,1,163071.54,14532.57,False
M1_fixed,2003,2005,1,0,163071.54,14097.24,False
M1_fixed,2003,2005,1,1,163071.54,27166.32,False
M2_HI_sensitivity,2003,2005,0,0,163071.54,107275.40999999999,False
M2_HI_sensitivity,2003,2005,0,1,163071.54,14532.57,False
M2_HI_sensitivity,2003,2005,1,0,163071.54,14097.24,False
M2_HI_sensitivity,2003,2005,1,1,163071.54,27166.32,False
M1_fixed,2005,2007,0,0,208568.88,143595.0,False
M1_fixed,2005,2007,0,1,208568.88,17292.239999999998,False
M1_fixed,2005,2007,1,0,208568.88,16085.88,False
M1_fixed,2005,2007,1,1,208568.88,31595.76,False
M2_HI_sensitivity,2005,2007,0,0,208568.88,143595.0,False
M2_HI_sensitivity,2005,2007,0,1,208568.88,17292.239999999998,False
M2_HI_sensitivity,2005,2007,1,0,208568.88,16085.88,False
M2_HI_sensitivity,2005,2007,1,1,208568.88,31595.76,False
M1_fixed,2007,2009,0,0,155340.27,109803.95999999999,False
M1_fixed,2007,2009,0,1,155340.27,11725.02,False
M1_fixed,2007,2009,1,0,155340.27,13789.35,False
M1_fixed,2007,2009,1,1,155340.27,20021.94,False
M2_HI_sensitivity,2007,2009,0,0,155340.27,109803.95999999999,False
M2_HI_sensitivity,2007,2009,0,1,155340.27,11725.02,False
M2_HI_sensitivity,2007,2009,1,0,155340.27,13789.35,False
M2_HI_sensitivity,2007,2009,1,1,155340.27,20021.94,False
M1_fixed,2009,2011,0,0,149852.43,107995.68,False
M1_fixed,2009,2011,0,1,149852.43,10277.279999999999,False
M1_fixed,2009,2011,1,0,149852.43,14344.56,False
M1_fixed,2009,2011,1,1,149852.43,17234.91,False
M2_HI_sensitivity,2009,2011,0,0,149852.43,107995.68,False
M2_HI_sensitivity,2009,2011,0,1,149852.43,10277.279999999999,False
M2_HI_sensitivity,2009,2011,1,0,149852.43,14344.56,False
M2_HI_sensitivity,2009,2011,1,1,149852.43,17234.91,False
M1_fixed,2011,2013,0,0,216011.97,156261.06,False
M1_fixed,2011,2013,0,1,216011.97,9451.98,False
M1_fixed,2011,2013,1,0,216011.97,10514.16,False
M1_fixed,2011,2013,1,1,216011.97,39784.77,False
M2_HI_sensitivity,2011,2013,0,0,216011.97,156261.06,False
M2_HI_sensitivity,2011,2013,0,1,216011.97,9451.98,False
M2_HI_sensitivity,2011,2013,1,0,216011.97,10514.16,False
M2_HI_sensitivity,2011,2013,1,1,216011.97,39784.77,False
M1_fixed,2013,2015,0,0,203501.25,142466.31,False
M1_fixed,2013,2015,0,1,203501.25,11828.88,False
M1_fixed,2013,2015,1,0,203501.25,14577.66,False
M1_fixed,2013,2015,1,1,203501.25,34628.4,False
M2_HI_sensitivity,2013,2015,0,0,203501.25,142466.31,False
M2_HI_sensitivity,2013,2015,0,1,203501.25,11828.88,False
M2_HI_sensitivity,2013,2015,1,0,203501.25,14577.66,False
M2_HI_sensitivity,2013,2015,1,1,203501.25,34628.4,False
M1_fixed,2015,2017,0,0,204444.63,149002.91999999998,False
M1_fixed,2015,2017,0,1,204444.63,5969.34,False
M1_fixed,2015,2017,1,0,204444.63,11994.57,False
M1_fixed,2015,2017,1,1,204444.63,37477.799999999996,False
M2_HI_sensitivity,2015,2017,0,0,204444.63,149002.91999999998,False
M2_HI_sensitivity,2015,2017,0,1,204444.63,5969.34,False
M2_HI_sensitivity,2015,2017,1,0,204444.63,11994.57,False
M2_HI_sensitivity,2015,2017,1,1,204444.63,37477.799999999996,False
M1_fixed,2017,2019,0,0,214899.93,133935.66,True
M1_fixed,2017,2019,0,1,214899.93,35547.119999999995,True
M1_fixed,2017,2019,1,0,214899.93,31496.489999999998,True
M1_fixed,2017,2019,1,1,214899.93,13920.66,True
M2_HI_sensitivity,2017,2019,0,0,214899.93,133935.66,True
M2_HI_sensitivity,2017,2019,0,1,214899.93,35547.119999999995,True
M2_HI_sensitivity,2017,2019,1,0,214899.93,31496.489999999998,True
M2_HI_sensitivity,2017,2019,1,1,214899.93,13920.66,True
