,                                                            Crop Enterprise Analysis                                                           ,
                                                            (Farms Sorted By Years)                                                            ,
,
                                                                      Corn                                                                     ,
,
,
,,,                                   ,    Avg. Of ,            ,            ,            ,            ,            ,            ,            ,            ,,
                                   ,   All Farms,        2001,        2005,        2007,        2009,        2011,        2013,        2015,        2019,,
,
Number of farms                    ,          61,           6,           6,           9,           6,           8,           5,           5,           5,,
,
Acres                              ,      409.88,      421.02,      220.40,      369.13,      443.62,      386.22,      444.23,      391.19,      555.10,,
Yield per acre (bu.)               ,      153.48,      101.44,      109.03,      124.57,      163.25,      158.09,      156.83,      185.43,      174.28,,
Operators share of yield %         ,       86.89,       81.38,       80.80,       78.74,       80.94,       83.50,       87.47,       90.88,       93.26,,
Value per bu.                      ,        4.13,        1.89,        1.84,        4.21,        3.77,        6.19,        4.65,        3.24,        3.60,,
Total product return per acre      ,      550.28,      155.66,      162.25,      412.91,      497.88,      817.19,      637.75,      545.41,      585.05,,
Hedging gains/losses per acre      ,        1.91,          - ,          - ,          - ,        2.11,       -1.78,        1.65,          - ,        0.12,,
Crop insurance per acre            ,        4.34,          - ,          - ,          - ,          - ,        2.75,        1.95,          - ,          - ,,
Other crop income per acre         ,        8.84,        0.62,       11.17,          - ,          - ,        0.94,        1.63,          - ,       52.34,,
Gross return per acre              ,      565.36,      156.28,      173.42,      412.91,      499.98,      819.11,      642.97,      545.41,      637.50,,
,
Direct Expenses,
  Seed                             ,       65.08,       27.33,       29.80,       43.41,       58.00,       68.00,       88.38,       88.72,       74.87,,
  Fertilizer                       ,       60.90,       22.12,       23.73,       30.79,       75.54,       73.83,       79.41,       66.27,       82.65,,
  Crop chemicals                   ,       33.01,       18.60,       26.58,       24.66,       32.53,       23.97,       35.99,       25.83,       42.59,,
  Cover crop expense               ,        0.32,          - ,          - ,          - ,          - ,          - ,          - ,          - ,        2.86,,
  Crop insurance                   ,        8.75,        5.21,       10.37,       10.44,        8.70,        8.53,        8.09,        8.59,        8.88,,
  Drying expense                   ,        2.13,          - ,          - ,        0.76,        5.11,        2.35,        2.17,        2.71,        1.79,,
  Storage                          ,        0.37,          - ,          - ,        0.16,        0.30,        0.05,        0.59,        1.89,        0.19,,
  Fuel & oil                       ,       15.58,       10.61,       14.25,       13.52,       11.17,       24.09,       19.27,       12.66,       13.16,,
  Repairs                          ,       27.60,       17.40,       14.12,       24.18,       24.05,       33.33,       28.81,       23.48,       30.75,,
  Custom hire                      ,        8.05,        4.70,        7.91,        8.37,        3.88,        4.02,        6.83,        5.15,       18.06,,
  Land rent                        ,       69.28,       14.44,       19.58,       26.82,       48.68,       54.92,      110.49,      103.25,      115.21,,
  Machinery leases                 ,        0.17,          - ,          - ,          - ,          - ,          - ,          - ,          - ,        1.50,,
  Utilities                        ,        0.91,        0.48,        2.00,        1.32,        0.93,        0.68,        0.62,        0.70,        1.02,,
  Hauling and trucking             ,        1.06,          - ,          - ,          - ,          - ,          - ,          - ,          - ,        5.37,,
  Marketing                        ,        0.22,          - ,          - ,        0.35,          - ,          - ,        0.29,          - ,          - ,,
  Operating interest               ,        3.23,        2.52,        3.71,        5.65,        2.07,        2.54,        1.40,        2.40,        3.96,,
  Miscellaneous                    ,        0.57,        0.19,        0.58,        0.14,          - ,        2.99,          - ,        0.18,        0.08,,
Total direct expenses per acre     ,      297.24,      123.59,      152.62,      190.57,      270.96,      299.29,      382.35,      341.84,      402.95,,
Return over direct exp per acre    ,      268.12,       32.69,       20.80,      222.34,      229.02,      519.81,      260.62,      203.57,      234.55,,
,
Overhead Expenses,
  Custom hire                      ,        8.84,       11.18,        3.59,        2.84,        2.71,        2.80,        5.31,       31.30,        8.94,,
  Hired labor                      ,       12.92,        9.88,       18.44,        6.12,        5.49,       18.70,       15.25,       16.86,       13.74,,
  Machinery leases                 ,        1.81,          - ,        0.31,        3.86,        0.07,        4.03,        4.82,        0.01,        0.00,,
  Building leases                  ,        0.24,          - ,          - ,        0.25,          - ,        0.21,          - ,          - ,        0.75,,
  RE & pers. property taxes        ,       11.95,        8.01,        9.93,        9.04,        5.08,       11.14,       10.67,       15.35,       18.37,,
  Farm insurance                   ,        6.95,        2.54,        6.40,        5.32,        5.78,        9.28,        8.50,        6.64,        9.37,,
  Utilities                        ,        1.76,        0.51,        1.46,        0.59,        0.93,        2.45,        1.86,        3.23,        2.33,,
  Dues & professional fees         ,        1.99,        1.26,        0.64,        1.51,        1.16,        1.87,        0.62,        1.74,        2.09,,
  Interest                         ,        8.50,       18.97,       15.45,        8.86,        5.20,        3.66,        2.79,        8.50,        7.71,,
  Mach & bldg depreciation         ,       36.56,       16.65,       11.18,       29.31,       53.24,       43.63,       50.55,       46.66,       35.50,,
  Miscellaneous                    ,        2.95,        2.17,        3.59,        1.84,        2.59,        1.69,        2.09,        2.67,        4.38,,
Total overhead expenses per acre   ,       94.47,       71.17,       70.97,       69.52,       82.24,       99.46,      102.46,      132.97,      103.18,,
Total dir & ovhd expenses per acre ,      391.72,      194.76,      223.59,      260.09,      353.20,      398.76,      484.81,      474.81,      506.14,,
Net return per acre                ,      173.64,      -38.47,      -50.17,      152.82,      146.78,      420.35,      158.16,       70.60,      131.37,,
,
Government payments                ,       11.34,        1.74,          - ,        9.57,       14.93,       16.51,       26.08,       19.27,        6.59,,
Net return with govt pmts          ,      184.98,      -36.73,      -50.17,      162.38,      161.71,      436.86,      184.24,       89.87,      137.96,,
Labor & management charge          ,       30.49,       16.40,       27.53,       22.01,       25.26,       27.09,       31.43,       29.20,       45.36,,
Net return over lbr & mgt          ,      154.49,      -53.13,      -77.70,      140.37,      136.45,      409.77,      152.80,       60.67,       92.60,,
,
Cost of Production,
Total direct expense per bu.       ,        2.23,        1.50,        1.73,        1.94,        2.05,        2.27,        2.79,        2.03,        2.48,,
Total dir & ovhd exp per bu.       ,        2.94,        2.36,        2.54,        2.65,        2.67,        3.02,        3.53,        2.82,        3.11,,
Less govt & other income           ,        2.74,        2.33,        2.41,        2.55,        2.54,        2.88,        3.31,        2.70,        2.75,,
With labor & management            ,        2.97,        2.53,        2.72,        2.78,        2.74,        3.09,        3.54,        2.88,        3.03,,
,
Net value per unit                 ,        4.14,        1.89,        1.84,        4.21,        3.78,        6.18,        4.66,        3.24,        3.60,,
Machinery cost per acre            ,       88.67,          - ,       51.77,       81.54,       95.25,      107.49,      111.55,      111.46,      103.79,,
Est. labor hours per acre          ,        2.02,        1.56,        2.61,        1.72,        2.13,        2.28,        1.90,        2.20,        1.92,,
,
A minimum of 5 farms required per column.  Some columns were omitted.,
,,                                                      Crop Enterprise Analysis (continued)                                                     ,
                                                            (Farms Sorted By Years)                                                            ,
,
                                                                      Corn                                                                     ,
,
,
,,,
Data Source(s):  ,
Nebraska Farm Business Inc 61 farms,
,
,_______________________________________________________________________________,
,
Report Summary,
,1. Report number              ,1008338,
2. Location,,
   State:                     ,Nebraska,
   County(s):                 ,Gage Johnson Lancaster Pawnee,
3. Farm Characteristics,,
   Year(s):                   ,2021 2019 2017 2015 2013 2011 2009 2007 2005 2003 2001,
   Organic Transition:        ,No,
No Answer,
   Cover Crop:                ,No,
No Answer,
,
,
Suggested citation:,
FINBIN (2026). Center for Farm Financial Management: University of Minnesota.,
Retrieved from http://finbin.umn.edu (originally created  September 26 2026).,
,
,
,
,
