,                                                                              Crop Enterprise Analysis                                                                             ,
                                                                              (Farms Sorted By Years)                                                                              ,
,
                                                                     Corn on Owned Land Cash Rent Share Rent                                                                     ,
,
,
,,,                                   ,    Avg. Of ,            ,            ,            ,            ,            ,            ,            ,            ,            ,            ,            ,,
                                   ,   All Farms,        2001,        2003,        2005,        2007,        2009,        2011,        2013,        2015,        2017,        2019,        2021,,
,
Number of farms                    ,         616,          60,          49,          48,          56,          60,          64,          58,          52,          54,          63,          52,,
,
Acres                              ,      257.02,      253.85,      241.44,      267.89,      299.82,      234.31,      271.03,      262.24,      227.64,      251.71,      264.74,      247.95,,
Yield per acre (bu.)               ,      139.36,      105.97,       86.23,      114.74,      120.00,      152.85,      138.95,      136.61,      160.08,      165.19,      167.15,      184.19,,
Operators share of yield %         ,       84.73,       78.70,       77.24,       78.60,       80.00,       83.37,       81.82,       84.59,       86.98,       88.96,       91.15,       90.82,,
Value per bu.                      ,        3.86,        1.90,        2.25,        1.85,        4.03,        3.70,        6.04,        4.34,        3.43,        3.24,        3.68,        5.43,,
Total product return per acre      ,      456.05,      158.84,      149.76,      166.62,      387.12,      472.08,      687.23,      501.67,      477.44,      476.21,      559.92,      909.00,,
Hedging gains/losses per acre      ,       -0.31,          - ,          - ,          - ,          - ,       -0.61,       -2.99,        3.66,       -0.31,        2.08,        3.52,       -9.88,,
Crop insurance per acre            ,        7.36,          - ,          - ,          - ,          - ,        5.84,       10.29,       15.39,        5.48,       21.89,       12.29,        7.98,,
LDP income per acre                ,        0.04,          - ,          - ,          - ,          - ,          - ,          - ,        0.38,          - ,          - ,          - ,          - ,,
Other crop income per acre         ,       11.38,        3.17,       11.69,       20.76,        2.36,        0.70,        0.96,        7.23,          - ,        4.72,       58.33,       10.52,,
Gross return per acre              ,      474.52,      162.00,      161.45,      187.39,      389.48,      478.00,      695.48,      528.33,      482.61,      504.90,      634.06,      917.61,,
,
Direct Expenses,
  Seed                             ,       58.82,       26.31,       28.11,       32.31,       39.38,       55.02,       62.56,       74.73,       83.84,       85.63,       75.49,       84.66,,
  Fertilizer                       ,       71.04,       28.57,       26.27,       31.82,       37.93,       86.96,       87.57,      114.31,       88.10,       77.10,       93.39,      102.95,,
  Crop chemicals                   ,       37.93,       24.63,       23.68,       22.83,       22.92,       32.60,       26.70,       40.81,       46.86,       46.16,       63.22,       69.32,,
  Cover crop expense               ,        0.10,          - ,          - ,          - ,          - ,          - ,          - ,          - ,          - ,        0.13,        0.66,        0.20,,
  Crop insurance                   ,       16.38,        5.64,        9.09,        7.11,       12.42,       14.92,       18.61,       23.35,       21.36,       20.13,       20.41,       26.74,,
  Drying expense                   ,        1.69,        0.67,        0.52,        0.29,        0.39,        4.63,        1.16,        1.26,        1.63,        2.04,        1.47,        4.98,,
  Storage                          ,        1.58,          - ,          - ,          - ,        0.36,        1.55,        2.35,        2.57,        2.43,        2.95,        3.23,        1.50,,
  Fuel & oil                       ,       16.92,        9.59,        8.66,       13.33,       15.77,       14.74,       24.42,       24.22,       16.49,       16.78,       17.72,       21.45,,
  Repairs                          ,       30.83,       17.36,       15.91,       17.11,       20.17,       27.93,       34.15,       37.22,       38.35,       43.28,       35.83,       52.72,,
  Custom hire                      ,        7.61,        3.48,        2.84,        3.54,        4.76,        7.35,        6.24,        5.95,        6.12,        9.04,       10.04,       25.43,,
  Hired labor                      ,        0.32,          - ,          - ,          - ,          - ,          - ,        0.07,          - ,        3.93,        0.15,        0.09,          - ,,
  Land rent                        ,       57.60,       19.22,       17.58,       24.12,       29.61,       39.03,       47.96,       78.21,       88.12,       82.10,      104.83,      103.51,,
  Machinery leases                 ,        1.90,        0.41,          - ,        0.00,        1.19,        0.02,        0.01,        1.34,        4.05,        6.96,        2.94,        4.80,,
  Utilities                        ,        2.18,        2.04,        2.13,        2.43,        2.28,        2.66,        2.83,        2.77,        2.80,        2.30,        1.59,          - ,,
  Hauling and trucking             ,        0.47,          - ,          - ,          - ,          - ,          - ,          - ,          - ,        0.99,        1.71,        1.84,        0.65,,
  Marketing                        ,        1.67,        0.69,        1.29,        1.63,        2.49,        0.92,        0.89,        0.84,        2.40,        3.24,        2.53,        1.59,,
  Operating interest               ,        6.75,        7.07,        5.36,        5.95,        6.37,        4.59,        4.12,        4.61,        7.33,        7.26,       12.77,        8.54,,
  Miscellaneous                    ,        1.46,        0.67,        0.66,        1.05,        1.00,        1.50,        1.62,        2.13,        0.65,        1.66,        2.47,        2.28,,
Total direct expenses per acre     ,      315.25,      146.35,      142.10,      163.51,      197.04,      294.41,      321.25,      414.31,      415.47,      408.62,      450.50,      511.31,,
Return over direct exp per acre    ,      159.26,       15.66,       19.35,       23.88,      192.44,      183.59,      374.23,      114.02,       67.13,       96.27,      183.56,      406.30,,
,
Overhead Expenses,
  Custom hire                      ,        7.72,        3.52,        1.18,        1.59,        1.33,        4.91,       11.45,       11.01,       16.01,        8.49,       14.90,        9.54,,
  Hired labor                      ,       12.97,        8.58,        7.89,       10.35,       10.96,        8.33,       14.00,       13.20,       10.88,       22.52,       15.94,       19.40,,
  Machinery leases                 ,        5.44,        2.30,        3.42,        2.69,        2.55,        4.64,        7.81,        7.91,        4.39,        5.56,        6.57,       11.67,,
  Building leases                  ,        0.39,          - ,          - ,          - ,        0.48,        0.17,        0.55,        0.52,        0.17,        0.83,        0.84,        0.48,,
  RE & pers. property taxes        ,       12.35,        6.66,        4.81,        5.83,        7.34,        9.60,       10.53,       13.09,       21.21,       20.09,       17.14,       21.15,,
  Farm insurance                   ,        7.26,        3.04,        3.25,        4.42,        6.21,        5.59,        6.67,        7.77,        8.92,       11.92,       10.67,       11.33,,
  Utilities                        ,        1.66,        0.52,        0.68,        0.57,        0.59,        0.94,        1.30,        1.37,        1.93,        2.92,        3.43,        4.09,,
  Dues & professional fees         ,        3.02,        1.45,        1.55,        1.37,        1.95,        2.34,        3.01,        3.25,        3.57,        4.93,        4.25,        5.59,,
  Interest                         ,       11.11,       12.85,       10.46,        7.34,        7.34,        9.72,       10.04,        9.13,        9.35,       11.60,       21.09,       11.79,,
  Mach & bldg depreciation         ,       39.69,       21.47,       16.80,       22.23,       29.49,       41.32,       34.69,       49.71,       50.53,       55.62,       57.98,       55.69,,
  Miscellaneous                    ,        3.37,        3.05,        1.77,        2.60,        2.06,        2.79,        2.51,        2.92,        3.73,        3.85,        4.88,        7.24,,
Total overhead expenses per acre   ,      104.98,       63.44,       51.82,       58.98,       70.29,       90.36,      102.56,      119.87,      130.70,      148.36,      157.68,      157.97,,
Total dir & ovhd expenses per acre ,      420.23,      209.78,      193.92,      222.49,      267.33,      384.77,      423.82,      534.18,      546.18,      556.98,      608.18,      669.29,,
Net return per acre                ,       54.29,      -47.78,      -32.47,      -35.11,      122.15,       93.24,      271.67,       -5.86,      -63.57,      -52.08,       25.88,      248.33,,
,
Government payments                ,       12.95,        2.64,          - ,        0.27,       11.04,       15.96,       15.18,       32.77,       27.33,       30.35,        5.64,        0.37,,
Net return with govt pmts          ,       67.23,      -45.14,      -32.47,      -34.83,      133.19,      109.20,      286.85,       26.92,      -36.23,      -21.73,       31.52,      248.69,,
Labor & management charge          ,       37.89,       21.35,       21.12,       24.74,       28.33,       37.43,       44.23,       53.40,       45.51,       46.91,       44.68,       46.77,,
Net return over lbr & mgt          ,       29.34,      -66.49,      -53.60,      -59.57,      104.86,       71.77,      242.62,      -26.48,      -81.75,      -68.64,      -13.16,      201.92,,
,
Cost of Production,
Total direct expense per bu.       ,        2.67,        1.75,        2.13,        1.81,        2.05,        2.31,        2.83,        3.59,        2.98,        2.78,        2.96,        3.06,,
Total dir & ovhd exp per bu.       ,        3.56,        2.52,        2.91,        2.47,        2.78,        3.02,        3.73,        4.62,        3.92,        3.79,        3.99,        4.00,,
Less govt & other income           ,        3.29,        2.45,        2.74,        2.23,        2.65,        2.85,        3.52,        4.11,        3.69,        3.39,        3.47,        3.95,,
With labor & management            ,        3.61,        2.70,        3.05,        2.51,        2.94,        3.14,        3.91,        4.57,        4.02,        3.71,        3.76,        4.23,,
,
Net value per unit                 ,        3.86,        1.90,        2.25,        1.85,        4.03,        3.70,        6.02,        4.38,        3.43,        3.25,        3.70,        5.37,,
Machinery cost per acre            ,       98.11,          - ,          - ,       59.30,       74.50,       98.97,      114.60,      133.82,      128.18,      142.02,      143.32,      175.87,,
Est. labor hours per acre          ,        2.24,        2.32,        2.18,        2.39,        2.00,        2.22,        2.24,        2.23,        2.43,        2.51,        2.14,        2.12,,
,,                                                                        Crop Enterprise Analysis (continued)                                                                       ,
                                                                              (Farms Sorted By Years)                                                                              ,
,
                                                                     Corn on Owned Land Cash Rent Share Rent                                                                     ,
,
,
,,,
Data Source(s):  ,
Nebraska Farm Business Inc 615 farms,
Mn State College & University South 1 farms,
,
,_______________________________________________________________________________,
,
Report Summary,
,1. Report number              ,1008210,
2. Location,,
   State:                     ,Nebraska,
3. Farm Characteristics,,
   Year(s):                   ,2021 2019 2017 2015 2013 2011 2009 2007 2005 2003 2001,
   Crop tenure type:          ,Owned Land,
Cash Rent,
Share Rent,
   Organic Transition:        ,No,
No Answer,
   Cover Crop:                ,No,
No Answer,
,
,
Suggested citation:,
FINBIN (2026). Center for Farm Financial Management: University of Minnesota.,
Retrieved from http://finbin.umn.edu (originally created  September 25 2026).,
,
,
,
,
