year,file,source_url,sha256,budget_number,pdf_page,printed_page,title,assumed_yield_bu_ac,tillage,rotation,geography,eligible,exclusion_reason,visual_verified
2001,unl_2001.pdf,https://digitalcommons.unl.edu/cgi/viewcontent.cgi?article=3035&context=extensionhist,498daecae9221687f51958187452e1ff908f5894ec222b2b12445b5921949b4b,13,27,13,"Corn, Dryland, Conventional, Continuous",85,Conventional,Continuous,Geography not explicitly Eastern Nebraska,False,Continuous corn differs from corn-soybean rotation,True
2001,unl_2001.pdf,https://digitalcommons.unl.edu/cgi/viewcontent.cgi?article=3035&context=extensionhist,498daecae9221687f51958187452e1ff908f5894ec222b2b12445b5921949b4b,14,28,14,"Corn, Dryland, No-Till, Continuous",90,No-till,Continuous,Geography not explicitly Eastern Nebraska,False,Tillage and/or rotation differs from selected system,True
2001,unl_2001.pdf,https://digitalcommons.unl.edu/cgi/viewcontent.cgi?article=3035&context=extensionhist,498daecae9221687f51958187452e1ff908f5894ec222b2b12445b5921949b4b,15,29,15,"Corn, Dryland, No-Till, After Soybean",95,No-till,Corn after soybean,Geography not explicitly Eastern Nebraska,False,Tillage and/or rotation differs from selected system,True
2001,unl_2001.pdf,https://digitalcommons.unl.edu/cgi/viewcontent.cgi?article=3035&context=extensionhist,498daecae9221687f51958187452e1ff908f5894ec222b2b12445b5921949b4b,16,30,16,"Corn, Dryland, No-Till, After Wheat",105,No-till,Corn after wheat,Geography not explicitly Eastern Nebraska,False,Tillage and/or rotation differs from selected system,True
2001,unl_2001.pdf,https://digitalcommons.unl.edu/cgi/viewcontent.cgi?article=3035&context=extensionhist,498daecae9221687f51958187452e1ff908f5894ec222b2b12445b5921949b4b,17,31,17,"Corn, Dryland, Eco-Fallow, After Wheat, 2 Crops in 3 Yr",80,Ecofallow,Wheat/corn/fallow,Geography not explicitly Eastern Nebraska,False,Tillage and/or rotation differs from selected system,True
2009,unl_2009.pdf,https://cap.unl.edu/sites/unl.edu.ianr.agecon.center-for-ag-profitability/files/media/file/Crop-Budgets-ec09-872.pdf,1c8b75dbfd4a0d4279a8cc5c063c8bad553b4b0ea3753ceeebe1df76d8532e80,11,17,15,"Corn, Rainfed, Conventional, Continuous",85,Conventional,Continuous,State/rainfed,False,Continuous corn differs from corn-soybean rotation,True
2009,unl_2009.pdf,https://cap.unl.edu/sites/unl.edu.ianr.agecon.center-for-ag-profitability/files/media/file/Crop-Budgets-ec09-872.pdf,1c8b75dbfd4a0d4279a8cc5c063c8bad553b4b0ea3753ceeebe1df76d8532e80,12,18,16,"Corn, Rainfed, No-Till, RR & Bt, RW & ECB, Continuous",100,No-till,Continuous,State/rainfed,False,Tillage and/or rotation differs from selected system,True
2009,unl_2009.pdf,https://cap.unl.edu/sites/unl.edu.ianr.agecon.center-for-ag-profitability/files/media/file/Crop-Budgets-ec09-872.pdf,1c8b75dbfd4a0d4279a8cc5c063c8bad553b4b0ea3753ceeebe1df76d8532e80,13,19,17,"Corn, Rainfed, No-Till, Bt ECB After Soybean",110,No-till,Corn after soybean,State/rainfed,False,Tillage and/or rotation differs from selected system,True
2009,unl_2009.pdf,https://cap.unl.edu/sites/unl.edu.ianr.agecon.center-for-ag-profitability/files/media/file/Crop-Budgets-ec09-872.pdf,1c8b75dbfd4a0d4279a8cc5c063c8bad553b4b0ea3753ceeebe1df76d8532e80,14,20,18,"Corn, Rainfed, Ecofallow following Wheat, Two Crops in Three Years",80,Ecofallow,Wheat/corn/fallow,State/rainfed,False,Tillage and/or rotation differs from selected system,True
2011,unl_2011.pdf,https://cap.unl.edu/sites/unl.edu.ianr.agecon.center-for-ag-profitability/files/media/file/Crop-Budgets-EC11-872.pdf,b8a2152dcc047ac3b2274d4353517f6ffb1f543bc5c93068b79cb9548e255ac9,8,16,16,"Corn, Conventional, Continuous, Rainfed",85,Conventional,Continuous,State/rainfed,False,Continuous corn differs from corn-soybean rotation,True
2011,unl_2011.pdf,https://cap.unl.edu/sites/unl.edu.ianr.agecon.center-for-ag-profitability/files/media/file/Crop-Budgets-EC11-872.pdf,b8a2152dcc047ac3b2274d4353517f6ffb1f543bc5c93068b79cb9548e255ac9,9,17,17,"Corn, No-till, RR and Bt, RW and ECB, Continuous, Rainfed",110,No-till,Continuous,State/rainfed,False,Tillage and/or rotation differs from selected system,True
2011,unl_2011.pdf,https://cap.unl.edu/sites/unl.edu.ianr.agecon.center-for-ag-profitability/files/media/file/Crop-Budgets-EC11-872.pdf,b8a2152dcc047ac3b2274d4353517f6ffb1f543bc5c93068b79cb9548e255ac9,10,18,18,"Corn, No-till, SmartStax, Continuous, Rainfed",115,No-till,Continuous,State/rainfed,False,Tillage and/or rotation differs from selected system,True
2011,unl_2011.pdf,https://cap.unl.edu/sites/unl.edu.ianr.agecon.center-for-ag-profitability/files/media/file/Crop-Budgets-EC11-872.pdf,b8a2152dcc047ac3b2274d4353517f6ffb1f543bc5c93068b79cb9548e255ac9,11,19,19,"Corn, No-Till, Bt ECB After Soybean, Rainfed",115,No-till,Corn after soybean,State/rainfed,False,Tillage and/or rotation differs from selected system,True
2011,unl_2011.pdf,https://cap.unl.edu/sites/unl.edu.ianr.agecon.center-for-ag-profitability/files/media/file/Crop-Budgets-EC11-872.pdf,b8a2152dcc047ac3b2274d4353517f6ffb1f543bc5c93068b79cb9548e255ac9,12,20,20,"EcoFallow Corn, Follows Wheat, 2 Crops in 3 Years, Rainfed",115,Ecofallow,Wheat/corn/fallow,State/rainfed,False,Tillage and/or rotation differs from selected system,True
2013,unl_2013.pdf,https://digitalcommons.unl.edu/cgi/viewcontent.cgi?article=5325&context=extensionhist,ffed1c52df62b67f7248ac74401b9ea85fd39ad4ec2730c1277998734f856994,8,17,16,"Corn, Conventional, Continuous, Dryland",85,Conventional,Continuous,Dryland (State),False,Continuous corn differs from corn-soybean rotation,True
2013,unl_2013.pdf,https://digitalcommons.unl.edu/cgi/viewcontent.cgi?article=5325&context=extensionhist,ffed1c52df62b67f7248ac74401b9ea85fd39ad4ec2730c1277998734f856994,9,18,17,"Corn, No-till, Roundup Ready and Bt, RW and ECB, Continuous, Dryland",110,No-till,Continuous,Dryland (State),False,Tillage and/or rotation differs from selected system,True
2013,unl_2013.pdf,https://digitalcommons.unl.edu/cgi/viewcontent.cgi?article=5325&context=extensionhist,ffed1c52df62b67f7248ac74401b9ea85fd39ad4ec2730c1277998734f856994,10,19,18,"Corn, No-till, Refuge-In-A-Bag, Continuous, Dryland",120,No-till,Continuous,Dryland (State),False,Tillage and/or rotation differs from selected system,True
2013,unl_2013.pdf,https://digitalcommons.unl.edu/cgi/viewcontent.cgi?article=5325&context=extensionhist,ffed1c52df62b67f7248ac74401b9ea85fd39ad4ec2730c1277998734f856994,11,20,19,"Corn, No-Till, Bt ECB After Soybean, Dryland",115,No-till,Corn after soybean,Dryland (State),False,Tillage and/or rotation differs from selected system,True
2013,unl_2013.pdf,https://digitalcommons.unl.edu/cgi/viewcontent.cgi?article=5325&context=extensionhist,ffed1c52df62b67f7248ac74401b9ea85fd39ad4ec2730c1277998734f856994,12,21,20,"EcoFallow Corn, follows Wheat, 2 Crops in 3 Years, Dryland",115,Ecofallow,Wheat/corn/fallow,Dryland (Southwest),False,Tillage and/or rotation differs from selected system,True
2015,unl_2015.pdf,https://cap.unl.edu/sites/unl.edu.ianr.agecon.center-for-ag-profitability/files/media/file/2015-Crop-Budget-EC872.pdf,f1b374b5075e3e9ed08b42576466fef8fbd5afccebf45fd4e5a0b9c4f0c67445,15,24,23,"Corn, Conventional Tillage, Continuous, Dryland",85,Conventional,Continuous,Dryland (State),False,Continuous corn differs from corn-soybean rotation,True
2015,unl_2015.pdf,https://cap.unl.edu/sites/unl.edu.ianr.agecon.center-for-ag-profitability/files/media/file/2015-Crop-Budget-EC872.pdf,f1b374b5075e3e9ed08b42576466fef8fbd5afccebf45fd4e5a0b9c4f0c67445,16,25,24,"Corn, No-till, Bt, ECB, RW & RR2 Continuous, Dryland",115,No-till,Continuous,Dryland (State),False,Tillage and/or rotation differs from selected system,True
2015,unl_2015.pdf,https://cap.unl.edu/sites/unl.edu.ianr.agecon.center-for-ag-profitability/files/media/file/2015-Crop-Budget-EC872.pdf,f1b374b5075e3e9ed08b42576466fef8fbd5afccebf45fd4e5a0b9c4f0c67445,17,26,25,"Corn, No-till, SmartStax RIB Complete, Continuous, Dryland",120,No-till,Continuous,Dryland (State),False,Tillage and/or rotation differs from selected system,True
2015,unl_2015.pdf,https://cap.unl.edu/sites/unl.edu.ianr.agecon.center-for-ag-profitability/files/media/file/2015-Crop-Budget-EC872.pdf,f1b374b5075e3e9ed08b42576466fef8fbd5afccebf45fd4e5a0b9c4f0c67445,18,27,26,"Corn, No-Till, Bt ECB After Soybean, Dryland",125,No-till,Corn after soybean,Dryland (State),False,Tillage and/or rotation differs from selected system,True
2015,unl_2015.pdf,https://cap.unl.edu/sites/unl.edu.ianr.agecon.center-for-ag-profitability/files/media/file/2015-Crop-Budget-EC872.pdf,f1b374b5075e3e9ed08b42576466fef8fbd5afccebf45fd4e5a0b9c4f0c67445,19,28,27,"EcoFallow Corn, Follows Wheat, 2 Crops in 3 Yr, Dryland",115,Ecofallow,Wheat/corn/fallow,Dryland (Southwest),False,Tillage and/or rotation differs from selected system,True
2017,unl_2017.pdf,https://cap.unl.edu/sites/unl.edu.ianr.agecon.center-for-ag-profitability/files/media/file/2017-crop-budgets.pdf,8543fc37829cd7e5dd1d2f903578dad96ffc6831c17d2f61e0715e790d86d395,16,68,27,"Corn, Eastern Nebraska Conventional Tillage, Continuous, Dryland",135,Conventional,Continuous,Eastern Nebraska,False,Continuous corn differs from corn-soybean rotation,True
2017,unl_2017.pdf,https://cap.unl.edu/sites/unl.edu.ianr.agecon.center-for-ag-profitability/files/media/file/2017-crop-budgets.pdf,8543fc37829cd7e5dd1d2f903578dad96ffc6831c17d2f61e0715e790d86d395,17,69,28,"Corn, No-Till, Bt, ECB, RW & RR2, Continuous, Dryland",115,No-till,Continuous,Dryland (State),False,Tillage and/or rotation differs from selected system,True
2017,unl_2017.pdf,https://cap.unl.edu/sites/unl.edu.ianr.agecon.center-for-ag-profitability/files/media/file/2017-crop-budgets.pdf,8543fc37829cd7e5dd1d2f903578dad96ffc6831c17d2f61e0715e790d86d395,18,70,29,"Corn, Eastern Nebraska, No-Till, Bt, ECB, RW & RR2, Continuous, Dryland",160,No-till,Continuous,Eastern Nebraska,False,Tillage and/or rotation differs from selected system,True
2017,unl_2017.pdf,https://cap.unl.edu/sites/unl.edu.ianr.agecon.center-for-ag-profitability/files/media/file/2017-crop-budgets.pdf,8543fc37829cd7e5dd1d2f903578dad96ffc6831c17d2f61e0715e790d86d395,19,71,30,"Corn, No-Till, SmartStax RIB Complete, Continuous, Dryland",120,No-till,Continuous,Dryland (State),False,Tillage and/or rotation differs from selected system,True
2017,unl_2017.pdf,https://cap.unl.edu/sites/unl.edu.ianr.agecon.center-for-ag-profitability/files/media/file/2017-crop-budgets.pdf,8543fc37829cd7e5dd1d2f903578dad96ffc6831c17d2f61e0715e790d86d395,20,72,31,"Corn, Eastern Nebraska No-Till, SmartStax RIB Complete, Continuous, Dryland",165,No-till,Continuous,Eastern Nebraska,False,Tillage and/or rotation differs from selected system,True
2017,unl_2017.pdf,https://cap.unl.edu/sites/unl.edu.ianr.agecon.center-for-ag-profitability/files/media/file/2017-crop-budgets.pdf,8543fc37829cd7e5dd1d2f903578dad96ffc6831c17d2f61e0715e790d86d395,21,73,32,"Corn, No-Till, Bt & ECB, after Soybeans, Dryland",125,No-till,Corn after soybean,Dryland (State),False,Tillage and/or rotation differs from selected system,True
2017,unl_2017.pdf,https://cap.unl.edu/sites/unl.edu.ianr.agecon.center-for-ag-profitability/files/media/file/2017-crop-budgets.pdf,8543fc37829cd7e5dd1d2f903578dad96ffc6831c17d2f61e0715e790d86d395,22,74,33,"Corn, Eastern Nebraska No-Till, Bt & ECB, after Soybeans, Dryland",170,No-till,Corn after soybean,Eastern Nebraska,False,Tillage and/or rotation differs from selected system,True
2017,unl_2017.pdf,https://cap.unl.edu/sites/unl.edu.ianr.agecon.center-for-ag-profitability/files/media/file/2017-crop-budgets.pdf,8543fc37829cd7e5dd1d2f903578dad96ffc6831c17d2f61e0715e790d86d395,23,75,34,"Corn, Ecofallow, Follows Wheat, Two Crops in Three Years, Dryland",115,Ecofallow,Wheat/corn/fallow,Dryland (Southwest),False,Tillage and/or rotation differs from selected system,True
